ID,Nombre,Entidad,Correo electrónico,Partido,Escolaridad,Propuestas_Adherente,Propuestas aprobadas_Adherente,Propuestas_Diversos Grupos Parlamentarios,Propuestas aprobadas_Diversos Grupos Parlamentarios,Propuestas_De Grupo,Propuestas aprobadas_De Grupo,Propuestas_TOTAL,Propuestas aprobadas_TOTAL,Propuestas_Iniciante,Propuestas aprobadas_Iniciante,Propuestas_Proponente,Propuestas aprobadas_Proponente
286958853641361825227662389305295482505,Pedro Daniel Abasolo Sánchez,México ,pedro.abasolo@diputados.gob.mx ,PT,Secundaria,1.0,0.0,1.0,0.0,22.0,12.0,24,12,0.0,0.0,0.0,0.0
17008674771083780873293814831134376713,Brasil Alberto Acosta Peña,México ,brasil.acosta@diputados.gob.mx ,PRI,Doctorado,51.0,10.0,1.0,0.0,9.0,0.0,73,11,12.0,1.0,0.0,0.0
210176292887365193795612777553345542615,Marco Antonio Adame Castillo,Morelos ,marco.adame@diputados.gob.mx ,PAN,Maestría,112.0,15.0,5.0,1.0,37.0,4.0,164,21,10.0,1.0,0.0,0.0
269882339652188138864988740215102620899,Heriberto Marcelo Aguilar Castillo,Sonora ,heriberto.aguilar@diputados.gob.mx ,Morena,Licenciatura,10.0,1.0,2.0,0.0,29.0,14.0,53,16,12.0,1.0,0.0,0.0
104934072240793553085582246887485956431,Ricardo Aguilar Castillo,México ,raguilar.castillo@diputados.gob.mx ,PRI,Licenciatura,51.0,9.0,4.0,1.0,7.0,0.0,67,10,5.0,0.0,0.0,0.0
155020172088723779556547432243960107610,Bonifacio Aguilar Linda,Veracruz ,bonifacio.aguilar@diputados.gob.mx ,Morena,Secundaria,15.0,2.0,1.0,0.0,27.0,14.0,45,16,2.0,0.0,0.0,0.0
99937596598236069886878117001403817713,Leticia Arlett Aguilar Molina,Chiapas ,leticia.aguilar@diputados.gob.mx ,Sin Partido,Licenciatura,6.0,0.0,0.0,0.0,27.0,14.0,38,15,5.0,1.0,0.0,0.0
302158133629863770779407421555690577097,Marcos Aguilar Vega,Querétaro ,marcos.aguilar@diputados.gob.mx ,PAN,Maestría,106.0,16.0,5.0,1.0,32.0,4.0,144,21,1.0,0.0,0.0,0.0
146222383315344526890492306281270601633,Sebastián Aguilera Brenes,Chihuahua ,sebastian.aguilera@diputados.gob.mx ,Morena,Sin estudios registrados,6.0,0.0,1.0,0.0,27.0,14.0,43,15,9.0,1.0,0.0,0.0
85493658451061344777612357904802795646,Maribel Aguilera Chairez,Durango ,maribel.aguilera@diputados.gob.mx ,Morena,Sin estudios registrados,2.0,0.0,0.0,0.0,27.0,14.0,41,14,12.0,0.0,0.0,0.0
108660426924598964168282977978799944005,José Guadalupe Aguilera Rojas,Michoacán ,josegpe.aguilera@diputados.gob.mx ,Sin Partido,Sin estudios registrados,18.0,1.0,3.0,0.0,107.0,10.0,141,12,13.0,1.0,0.0,0.0
316558140623983665821432494912694776166,Aleida Alavez Ruiz,Ciudad de México ,aleida.alavez@diputados.gob.mx ,Morena,Licenciatura,1.0,0.0,3.0,1.0,27.0,14.0,42,16,11.0,1.0,0.0,0.0
12399743805460343345696221434850187823,Abril Alcalá Padilla,Jalisco ,abril.alcala@diputados.gob.mx ,Sin Partido,Doctorado,10.0,3.0,8.0,0.0,104.0,10.0,154,14,32.0,1.0,0.0,0.0
299113336371969182840509422904170106998,Jesús Sergio Alcántara Núñez,México ,jesus.alcantara@diputados.gob.mx ,PRI,Doctorado,16.0,3.0,92.0,28.0,34.0,3.0,145,34,3.0,0.0,0.0,0.0
230122059856535196583145008103561575441,Luis Javier Alegre Salazar,Quintana Roo ,luis.alegre@diputados.gob.mx ,Morena,Licenciatura,2.0,0.0,1.0,0.0,27.0,14.0,45,19,15.0,5.0,0.0,0.0
147839391651222627164164531171268247995,Maximino Alejandro Candelaria,Ciudad de México ,maximino.alejandro@diputados.gob.mx ,Morena,Licenciatura,16.0,3.0,1.0,0.0,27.0,14.0,52,18,8.0,1.0,0.0,0.0
24425924840855725787315640791222176656,Nohemí Alemán Hernández,Tamaulipas ,nohemi.aleman@diputados.gob.mx ,Morena,Maestría,119.0,16.0,10.0,1.0,42.0,6.0,203,24,32.0,1.0,0.0,0.0
139169275725203780341941915404647605406,María Alemán Muñoz Castillo,Querétaro ,aleman.munoz@diputados.gob.mx ,PRI,Maestría,45.0,8.0,2.0,0.0,9.0,0.0,82,13,26.0,5.0,0.0,0.0
161671267327886275819470899066686001532,María Isabel Alfaro Morales,Hidalgo ,maria.alfaro@diputados.gob.mx ,Morena,Bachillerato,11.0,1.0,6.0,2.0,27.0,14.0,51,18,7.0,1.0,0.0,0.0
146452308822690442212524886986609804332,Ma. Guadalupe Almaguer Pardo,San Luis Potosí ,guadalupe.almaguer@diputados.gob.mx ,Sin Partido,Sin estudios registrados,12.0,1.0,13.0,6.0,106.0,10.0,155,19,24.0,2.0,0.0,0.0
103466506688300440688315670754688731951,Karla Yuritzi Almazán Burgos,México ,karla.almazan@diputados.gob.mx ,Morena,Licenciatura,10.0,2.0,1.0,0.0,27.0,14.0,42,17,4.0,1.0,0.0,0.0
294332334910352509347352570327073437088,Mónica Almeida López,Jalisco ,monica.almeida@diputados.gob.mx ,Sin Partido,Doctorado,10.0,1.0,8.0,0.0,105.0,10.0,172,15,49.0,4.0,0.0,0.0
123765797128655861563215578557634045689,María Del Carmen Almeida Navarro,Chihuahua ,carmen.almeida@diputados.gob.mx ,Morena,Licenciatura,0.0,0.0,0.0,0.0,0.0,0.0,3,1,3.0,1.0,0.0,0.0
293084772629670019272946059884920717702,María Ester Alonzo Morales,Yucatán ,maria.alonzo@diputados.gob.mx ,PRI,Licenciatura,63.0,11.0,9.0,4.0,9.0,0.0,93,20,12.0,5.0,0.0,0.0
319692786922229416066695955769073047795,María Guillermina Alvarado Moreno,Nuevo León ,maria.alvarado@diputados.gob.mx ,Morena,Maestría,25.0,5.0,3.0,0.0,27.0,14.0,62,21,7.0,2.0,0.0,0.0
3879431674481575794981775430348372415,Ivonne Liliana Álvarez García,Nuevo León ,ivonne.alvarez@diputados.gob.mx ,PRI,Licenciatura,22.0,6.0,2.0,0.0,10.0,0.0,47,10,13.0,4.0,0.0,0.0
263451233656072981865639525773286080502,José Guadalupe Ambrocio Gachuz,Morelos ,jose.ambrocio@diputados.gob.mx ,Morena,Licenciatura,6.0,0.0,0.0,0.0,27.0,14.0,45,15,12.0,1.0,0.0,0.0
176322871686194518222127121026147629259,Socorro Irma Andazola Gómez,Baja California ,socorro.andazola@diputados.gob.mx ,Morena,Licenciatura,4.0,1.0,4.0,2.0,27.0,14.0,58,20,23.0,3.0,0.0,0.0
113800645014082303577634121375200827912,Marco Antonio Andrade Zavala,Chiapas ,antonio.andrade@diputados.gob.mx ,Morena,Maestría,6.0,0.0,0.0,0.0,27.0,14.0,41,17,8.0,3.0,0.0,0.0
271480176502766308140108130325835836377,Julio César Angeles Mendoza,Hidalgo ,julio.angeles@diputados.gob.mx ,Morena,Sin estudios registrados,8.0,3.0,0.0,0.0,27.0,14.0,38,17,3.0,0.0,0.0,0.0
25074770318082869641767441243163484835,Pablo Guillermo Angulo Briceño,Campeche ,pablo.angulo@diputados.gob.mx ,PRI,Maestría,28.0,2.0,1.0,0.0,8.0,0.0,51,4,14.0,2.0,0.0,0.0
191328438706297124785873480587778924474,Carol Antonio Altamirano,Oaxaca ,carol.antonio@diputados.gob.mx ,Morena,Licenciatura,1.0,0.0,0.0,0.0,27.0,14.0,38,19,10.0,5.0,0.0,0.0
18226273806256270370402357670426083241,Edgar Eduardo Arenas Madrigal,México ,edgar.arenas@diputados.gob.mx ,Morena,Sin estudios registrados,0.0,0.0,0.0,0.0,16.0,5.0,25,5,9.0,0.0,0.0,0.0
320665868665858193650038598699343541459,Jorge Arturo Argüelles Victorero,Morelos ,jorge.arguelles@diputados.gob.mx ,Sin Partido,Licenciatura,12.0,3.0,12.0,10.0,10.0,1.0,52,17,18.0,3.0,0.0,0.0
114850520300722163429035665200520127879,Justino Eugenio Arriaga Rojas,Guanajuato ,justino.arriaga@diputados.gob.mx ,PAN,Maestría,119.0,17.0,7.0,2.0,38.0,4.0,175,23,11.0,0.0,0.0,0.0
194617437189427801297583533809680203511,Eleuterio Arrieta Sánchez,Veracruz ,eleuterio.arrieta@diputados.gob.mx ,Morena,Maestría,6.0,1.0,0.0,0.0,27.0,14.0,34,15,1.0,0.0,0.0,0.0
37642063896571539577305597405009623235,Felipe Rafael Arvizu De la Luz,México ,felipe.arvizu@diputados.gob.mx ,Morena,Licenciatura,10.0,1.0,2.0,0.0,27.0,14.0,46,17,7.0,2.0,0.0,0.0
227546996498426719005989261952228610842,José Guillermo Aréchiga Santamaría,Puebla ,jose.arechiga@diputados.gob.mx ,Morena,Sin estudios registrados,5.0,2.0,1.0,0.0,16.0,11.0,26,13,4.0,0.0,0.0,0.0
332085054763396765948181911217331486953,Sergio Fernando Ascencio Barba,Guanajuato ,sergio.ascencio@diputados.gob.mx ,PAN,Maestría,97.0,14.0,11.0,1.0,38.0,4.0,155,21,9.0,2.0,0.0,0.0
182510794454875081755717239241883089019,Reyna Celeste Ascencio Ortega,Michoacán ,reyna.ascencio@diputados.gob.mx ,Morena,Licenciatura,2.0,0.0,8.0,2.0,27.0,14.0,82,21,45.0,5.0,0.0,0.0
85994668022321630291672881047366322825,Karen Ivette Audiffred Fernández,Ciudad de México ,karen.audiffred@diputados.gob.mx ,Morena,Sin estudios registrados,3.0,0.0,1.0,0.0,11.0,3.0,15,3,0.0,0.0,0.0,0.0
8430057730229061453987424899481043642,Laura Patricia Avalos Magaña,Tabasco ,laura.avalos@diputados.gob.mx ,Morena,Licenciatura,6.0,1.0,3.0,2.0,27.0,14.0,38,18,2.0,1.0,0.0,0.0
134500759389126752874545103343554955915,Mildred Concepción Avila Vera,Quintana Roo ,mildred.avila@diputados.gob.mx ,Morena,Licenciatura,7.0,0.0,11.0,4.0,27.0,14.0,59,22,14.0,4.0,0.0,0.0
129807395297688892979992202137790859494,Carlos Iván Ayala Bobadilla,Sinaloa ,carlosivan.ayala@diputados.gob.mx ,Morena,Licenciatura,14.0,3.0,4.0,2.0,16.0,5.0,55,14,21.0,4.0,0.0,0.0
255108707716307210111047980613680232191,Ma. de los Ángeles Ayala Díaz,Guanajuato ,madelosangeles.ayala@diputados.gob.mx ,PAN,Maestría,109.0,15.0,11.0,1.0,41.0,4.0,194,23,33.0,3.0,0.0,0.0
144868900171137922741525355910483876338,Frinné Azuara Yarzábal,San Luis Potosí ,frinne.azuara@diputados.gob.mx ,PRI,Maestría,51.0,8.0,3.0,0.0,9.0,0.0,75,9,12.0,1.0,0.0,0.0
256725592151607328211418564793767897561,Xavier Azuara Zúñiga,San Luis Potosí ,xavier.azuara@diputados.gob.mx ,PAN,Licenciatura,113.0,15.0,15.0,4.0,35.0,4.0,170,24,7.0,1.0,0.0,0.0
257786448413208539838356062650428053289,Cuauhtli Fernando Badillo Moreno,San Luis Potosí ,cuauhtli.badillo@diputados.gob.mx ,Morena,Licenciatura,7.0,1.0,1.0,0.0,27.0,14.0,57,17,22.0,2.0,0.0,0.0
295253711811462040504888086463815384180,Socorro Bahena Jiménez,México ,socorro.bahena@diputados.gob.mx ,Morena,Secundaria,15.0,3.0,7.0,4.0,27.0,14.0,51,21,2.0,0.0,0.0,0.0
222083734896765022914398751871356307962,Manuel de Jesus Baldenebro Arredondo,Sonora ,manuel.baldenebro@diputados.gob.mx ,Sin Partido,Licenciatura,11.0,1.0,0.0,0.0,10.0,1.0,63,12,42.0,10.0,0.0,0.0
299392304167775970433823236162473003492,Esteban Barajas Barajas,Michoacán ,esteban.barajas@diputados.gob.mx ,Morena,Licenciatura,4.0,0.0,2.0,0.0,27.0,14.0,34,14,1.0,0.0,0.0,0.0
249908597407118536094246439899048393619,Laura Barrera Fortoul,México ,laura.barrera@diputados.gob.mx ,PRI,Maestría,53.0,8.0,6.0,2.0,10.0,0.0,83,14,14.0,4.0,0.0,0.0
65443313518722005680723128994110493274,Alejandro Barroso Chávez,Puebla ,alejandro.barroso@diputados.gob.mx ,PT,Licenciatura,4.0,0.0,0.0,0.0,22.0,12.0,30,12,4.0,0.0,0.0,0.0
238708336828636826939362359673198861383,Juan Angel Bautista Bravo,México ,juan.bautista@diputados.gob.mx ,Morena,Maestría,2.0,0.0,0.0,0.0,27.0,14.0,37,15,8.0,1.0,0.0,0.0
234082238753164030456887581593025985671,Maria del Carmen Bautista Peláez,Oaxaca ,maria.bautista@diputados.gob.mx ,Morena,Sin estudios registrados,5.0,0.0,4.0,2.0,27.0,14.0,46,18,10.0,2.0,0.0,0.0
90873380492191464350809474608740981961,David Bautista Rivera,Puebla ,david.bautista@diputados.gob.mx ,Morena,Licenciatura,9.0,2.0,0.0,0.0,27.0,14.0,84,17,48.0,1.0,0.0,0.0
111796473760807553441898959323939559989,Mónica Bautista Rodríguez,México ,monica.bautista@diputados.gob.mx ,Sin Partido,Sin estudios registrados,13.0,0.0,9.0,3.0,105.0,10.0,143,14,16.0,1.0,0.0,0.0
64832421111962851165257195331241147794,Oscar Bautista Villegas,San Luis Potosí ,oscar.bautista@diputados.gob.mx ,PRI,Maestría,12.0,2.0,93.0,29.0,34.0,3.0,143,35,4.0,1.0,0.0,0.0
197999839785847018968071696285999030480,Rosa María Bayardo Cabrera,Colima ,rosa.bayardo@diputados.gob.mx ,Morena,Licenciatura,1.0,0.0,3.0,0.0,16.0,5.0,30,6,10.0,1.0,0.0,0.0
162032631627346132288751745018959451125,Ana Laura Bernal Camarena,Sonora ,ana.bernal@diputados.gob.mx ,PT,Sin estudios registrados,4.0,1.0,2.0,0.0,16.0,2.0,61,9,39.0,6.0,0.0,0.0
310492505450130547597060222508209432136,Mary Carmen Bernal Martínez,Michoacán ,mary.bernal@diputados.gob.mx ,PT,Licenciatura,8.0,0.0,2.0,0.0,21.0,2.0,61,4,30.0,2.0,0.0,0.0
69735310762604950629740315390674139219,Víctor Blas López,Oaxaca ,victor.blas@diputados.gob.mx ,Morena,Sin estudios registrados,1.0,0.0,0.0,0.0,27.0,14.0,30,15,2.0,1.0,0.0,0.0
169389003834698761883194406372972997941,Raúl Eduardo Bonifaz Moedano,Chiapas ,raul.bonifaz@diputados.gob.mx ,Morena,Sin estudios registrados,4.0,1.0,3.0,2.0,18.0,6.0,61,17,36.0,8.0,0.0,0.0
218983400205553191882187421214633733351,Raquel Bonilla Herrera,Veracruz ,raquel.bonilla@diputados.gob.mx ,Morena,Bachillerato,9.0,2.0,1.0,0.0,27.0,14.0,55,18,18.0,2.0,0.0,0.0
279798587226286365791662178684087210438,Madeleine Bonnafoux Alcaraz,Sonora ,madeleine.bonnafoux@diputados.gob.mx ,PAN,Licenciatura,135.0,18.0,16.0,4.0,35.0,4.0,219,28,33.0,2.0,0.0,0.0
168734328362497345506514957194648938658,Francisco Javier Borrego Adame,Coahuila ,francisco.borrego@diputados.gob.mx ,Morena,Bachillerato,1.0,0.0,4.0,2.0,27.0,14.0,42,18,10.0,2.0,0.0,0.0
88994139107002023323372752897523476635,Itzcóatl Tonatiuh Bravo Padilla,Jalisco ,tonatiuhb@diputados.gob.mx ,Sin Partido,Maestría,9.0,4.0,22.0,16.0,31.0,3.0,68,25,6.0,2.0,0.0,0.0
288794784571054171366913328523702083288,María Wendy Briceño Zuloaga,Sonora ,maria.briceno@diputados.gob.mx ,Morena,Maestría,2.0,1.0,17.0,7.0,27.0,14.0,70,25,24.0,3.0,0.0,0.0
67669002701733332604429736213075604254,Irasema del Carmen Buenfil Díaz,Campeche ,irasema.buenfil@diputados.gob.mx ,Sin Partido,Licenciatura,6.0,0.0,0.0,0.0,9.0,1.0,23,3,8.0,2.0,0.0,0.0
279516849181328151696264892025250708352,Eugenio Bueno Lozano,Nuevo León ,eugenio.bueno@diputados.gob.mx ,PAN,Licenciatura,0.0,0.0,0.0,0.0,0.0,0.0,1,0,1.0,0.0,0.0,0.0
151894461732394204797439323891209958058,Lyndiana Elizabeth Bugarín Cortés,Zacatecas ,lyndiana.bugarin@diputados.gob.mx ,Partido Verde,Licenciatura,6.0,3.0,129.0,34.0,30.0,3.0,166,40,1.0,0.0,0.0,0.0
69234196324112876091792830922837767502,Teresa Burelo Cortazar,Tabasco ,teresa.burelo@diputados.gob.mx ,Morena,Bachillerato,1.0,0.0,0.0,0.0,27.0,14.0,29,15,1.0,1.0,0.0,0.0
98790146472824508291572545458137424266,Claudia Báez Ruiz,Puebla ,claudia.baez@diputados.gob.mx ,Sin Partido,Licenciatura,17.0,2.0,1.0,0.0,10.0,1.0,43,7,15.0,4.0,0.0,0.0
270976634005019126018449197748623375898,Ma. del Carmen Cabrera Lagunas,Guerrero ,madelcarmen.cabrera@diputados.gob.mx ,Sin Partido,Licenciatura,24.0,3.0,4.0,2.0,10.0,1.0,59,11,21.0,5.0,0.0,0.0
277518974944782236439002075735770428988,Samuel Calderón Medina,Morelos ,samuel.calderon@diputados.gob.mx ,Sin Partido,Licenciatura,5.0,0.0,0.0,0.0,16.0,11.0,22,11,1.0,0.0,0.0,0.0
131112227472063347945138312029089482537,Rodrigo Calderón Salas,Veracruz ,rodrigo.calderon@diputados.gob.mx ,Morena,Bachillerato,9.0,0.0,0.0,0.0,27.0,14.0,40,14,4.0,0.0,0.0,0.0
244253616846059789659422272573614901271,Gustavo Callejas Romero,Hidalgo ,gustavo.callejas@diputados.gob.mx ,Morena,Bachillerato,2.0,0.0,0.0,0.0,11.0,3.0,22,4,9.0,1.0,0.0,0.0
331949107415529242528176141437822722219,José Ramón Cambero Pérez,Nayarit ,jose.cambero@diputados.gob.mx ,PAN,Sin estudios registrados,99.0,13.0,12.0,1.0,34.0,4.0,146,18,1.0,0.0,0.0,0.0
12109790447683052913900340121884828248,Lenin Nelson Campos Córdova,San Luis Potosí ,lenin.campos@diputados.gob.mx ,PRI,Licenciatura,45.0,9.0,2.0,0.0,8.0,0.0,61,10,6.0,1.0,0.0,0.0
282699695281355927075651594191339553840,Ignacio Benjamín Campos Equihua,Michoacán ,ignacio.campos@diputados.gob.mx ,Morena,Maestría,5.0,1.0,1.0,0.0,27.0,14.0,37,16,4.0,1.0,0.0,0.0
20619116751402192952669515788566703252,Susana Cano González,México ,susana.cano@diputados.gob.mx ,Morena,Bachillerato,12.0,2.0,1.0,0.0,27.0,14.0,42,16,2.0,0.0,0.0,0.0
74567907319736769955680999145289133564,Juan José Canul Pérez,Yucatán ,juan.canul@diputados.gob.mx ,PRI,Sin estudios registrados,40.0,8.0,4.0,2.0,9.0,0.0,55,10,2.0,0.0,0.0,0.0
297021074564609590558508676170307547243,Marco Antonio Carbajal Miranda,Sonora ,marco.carbajal@diputados.gob.mx ,Morena,Bachillerato,7.0,2.0,3.0,0.0,27.0,14.0,46,17,9.0,1.0,0.0,0.0
293448254171511271312646990704150145476,Julio Carranza Aréas,Veracruz ,julio.carranza@diputados.gob.mx ,Morena,Licenciatura,6.0,0.0,2.0,1.0,27.0,14.0,37,16,2.0,1.0,0.0,0.0
87270774153866582700612388027576692216,Nelly Minerva Carrasco Godínez,México ,nelly.carrasco@diputados.gob.mx ,Morena,Licenciatura,39.0,6.0,1.0,0.0,27.0,14.0,71,20,4.0,0.0,0.0,0.0
183228299038385796698844586540729211226,Olegaria Carrazco Macías,Sinaloa ,olegaria.carrazco@diputados.gob.mx ,Morena,Posgrado,19.0,4.0,2.0,0.0,27.0,14.0,48,18,0.0,0.0,0.0,0.0
108801802523588231126882513902715617381,Carlos Carreón Mejía,Tlaxcala ,carlos.carreon@diputados.gob.mx ,PAN,Licenciatura,98.0,12.0,10.0,1.0,37.0,4.0,149,17,4.0,0.0,0.0,0.0
182807231036224828218456645151499545783,Juana Carrillo Luna,México ,juana.carrillo@diputados.gob.mx ,Morena,Licenciatura,11.0,2.0,1.0,0.0,27.0,14.0,43,17,4.0,1.0,0.0,0.0
103999402253078603172369905710680545880,Alejandro Carvajal Hidalgo,Puebla ,alejandro.carvajal@diputados.gob.mx ,Morena,Sin estudios registrados,1.0,0.0,1.0,0.0,27.0,14.0,48,17,19.0,3.0,0.0,0.0
224424717739655116786360323456794201460,María Guadalupe Edith Castañeda Ortiz,México ,edith.castaneda@diputados.gob.mx ,Morena,Doctorado,38.0,4.0,1.0,0.0,27.0,14.0,79,19,13.0,1.0,0.0,0.0
90758276504085213772238474434012465733,Javier Julián Castañeda Pomposo,Baja California ,javier.castaneda@diputados.gob.mx ,Morena,Licenciatura,11.0,1.0,0.0,0.0,6.0,1.0,24,2,7.0,0.0,0.0,0.0
335579487505671273941168659001254631992,Carlos Humberto Castaños Valenzuela,Sinaloa ,carlos.castanos@diputados.gob.mx ,PAN,Licenciatura,117.0,14.0,11.0,1.0,39.0,4.0,178,20,11.0,1.0,0.0,0.0
148251254922111547035566068380657133345,Katia Alejandra Castillo Lozano,Jalisco ,katia.castillo@diputados.gob.mx ,Morena,Bachillerato,1.0,0.0,11.0,4.0,27.0,14.0,43,20,4.0,2.0,0.0,0.0
45280562820285109432951071186687607443,Rubén Cayetano García,Guerrero ,ruben.cayetano@diputados.gob.mx ,Morena,Licenciatura,13.0,1.0,1.0,0.0,27.0,14.0,60,18,19.0,3.0,0.0,0.0
17590480271785236678468581724344088418,Martina Cazarez Yañez,San Luis Potosí ,martina.cazarez@diputados.gob.mx ,Morena,Sin estudios registrados,2.0,0.0,0.0,0.0,27.0,14.0,29,14,0.0,0.0,0.0,0.0
209112353608687269362617723401552160709,Ana Alicia Cervantes Contreras,Sinaloa ,anaalicia.cervantes@diputados.gob.mx ,Morena,Sin estudios registrados,0.0,0.0,1.0,1.0,0.0,0.0,3,1,2.0,0.0,0.0,0.0
228543228551878251621281262175000781135,Jacobo David Cheja Alfaro,México ,jacobo.cheja@diputados.gob.mx ,MC,Licenciatura,34.0,7.0,6.0,0.0,28.0,2.0,74,9,6.0,0.0,0.0,0.0
228333637907890727628188447992064852575,Miguel Ángel Chico Herrera,Guanajuato ,miguel.chico@diputados.gob.mx ,Morena,Licenciatura,12.0,1.0,3.0,0.0,16.0,11.0,33,14,2.0,2.0,0.0,0.0
280437617823279561364476249034827144320,María Chávez Pérez,Michoacán ,mchavez.perez@diputados.gob.mx ,Morena,Maestría,6.0,1.0,2.0,1.0,27.0,14.0,47,21,12.0,5.0,0.0,0.0
246790281848041450820585779074294212544,Carlos Elhier Cinta Rodríguez,Guanajuato ,carlos.cinta@diputados.gob.mx ,PAN,Sin estudios registrados,19.0,3.0,9.0,1.0,8.0,1.0,44,6,8.0,1.0,0.0,0.0
297837075235324983480529156166755418103,Armando Contreras Castillo,Oaxaca ,acontreras.castillo@diputados.gob.mx ,Morena,Licenciatura,6.0,1.0,4.0,1.0,27.0,14.0,60,25,23.0,9.0,0.0,0.0
327283401444977917469009414009698583015,Lourdes Celenia Contreras González,Jalisco ,lourdes.contreras@diputados.gob.mx ,MC,Licenciatura,30.0,6.0,4.0,0.0,31.0,3.0,85,11,20.0,2.0,0.0,0.0
195253312445462371041017122734184485258,Gustavo Contreras Montes,México ,gustavo.contreras@diputados.gob.mx ,Morena,Licenciatura,13.0,5.0,0.0,0.0,27.0,14.0,42,19,2.0,0.0,0.0,0.0
218798225071740228526124810410051660645,Jorge Francisco Corona Méndez,Quintana Roo ,jorge.corona@diputados.gob.mx ,Partido Verde,Sin estudios registrados,2.0,0.0,71.0,15.0,1.0,0.0,74,15,0.0,0.0,0.0,0.0
108703704646294516123495512791879640020,Héctor René Cruz Aparicio,Baja California ,hector.cruz@diputados.gob.mx ,Sin Partido,Maestría,17.0,2.0,4.0,2.0,10.0,1.0,40,5,9.0,0.0,0.0,0.0
105622211845553102887638423419659572081,Flora Tania Cruz Santos,Veracruz ,flora.cruz@diputados.gob.mx ,Morena,Maestría,17.0,2.0,1.0,0.0,27.0,14.0,62,19,17.0,3.0,0.0,0.0
112516213614889089544431341979617418872,Susana Beatriz Cuaxiloa Serrano,Puebla ,susana.cuaxiloa@diputados.gob.mx ,Morena,Licenciatura,20.0,3.0,0.0,0.0,27.0,14.0,65,19,18.0,2.0,0.0,0.0
77991656766066422526158959938347554666,Gabriela Cuevas Barron,Ciudad de México ,gabriela.cuevas@diputados.gob.mx ,Morena,Sin estudios registrados,0.0,0.0,0.0,0.0,27.0,14.0,28,14,1.0,0.0,0.0,0.0
15854386987183613030156850034009907858,Luis Eleusis Leónidas Córdova Morán,Puebla ,eleusis.cordova@diputados.gob.mx ,PRI,Maestría,61.0,15.0,1.0,0.0,8.0,0.0,79,16,9.0,1.0,0.0,0.0
324491357818361874018836244721395589751,Lucio De Jesús Jiménez,Ciudad de México ,lucio.dejesus@diputados.gob.mx ,Morena,Secundaria,6.0,1.0,1.0,0.0,27.0,14.0,35,16,1.0,1.0,0.0,0.0
109059362398408607577812190180693490250,Patricia Del Carmen De La Cruz Delucio,Chiapas ,patricia.delacruz@diputados.gob.mx ,Morena,Primaria,8.0,0.0,1.0,0.0,27.0,14.0,39,16,3.0,2.0,0.0,0.0
43907750362864020368304125085430945309,Ricardo De la Peña Marshall,Tabasco ,ricardo.delapena@diputados.gob.mx ,Sin Partido,Maestría,14.0,3.0,0.0,0.0,10.0,1.0,68,12,44.0,8.0,0.0,0.0
290974322961316484941437956599967203994,Clementina Marta Dekker Gómez,Chiapas ,clementina.dekker@diputados.gob.mx ,PT,Licenciatura,9.0,2.0,15.0,5.0,21.0,2.0,56,10,11.0,1.0,0.0,0.0
114968602212555810564272035912826706007,Diego Eduardo Del Bosque Villarreal,Coahuila ,diego.delbosque@diputados.gob.mx ,Morena,Sin estudios registrados,4.0,0.0,1.0,0.0,27.0,14.0,46,16,14.0,2.0,0.0,0.0
172622867443404347081040280260478224062,Erika Vanessa Del Castillo Ibarra,Ciudad de México ,erika.delcastillo@diputados.gob.mx ,Morena,Licenciatura,21.0,3.0,1.0,0.0,27.0,14.0,57,19,8.0,2.0,0.0,0.0
257910149718756780271553699147750082057,Higinio Del Toro Pérez,Jalisco ,higinio.deltoro@diputados.gob.mx ,MC,Maestría,18.0,3.0,1.0,0.0,4.0,1.0,89,11,66.0,7.0,0.0,0.0
254796468945452993326868226038205895182,José Ricardo Delsol Estrada,San Luis Potosí ,josericardo.delsol@diputados.gob.mx ,Morena,Sin estudios registrados,0.0,0.0,3.0,2.0,27.0,14.0,35,16,5.0,0.0,0.0,0.0
245099979886575517009845602290081881221,María Elizabeth Diaz García,México ,maria.diaz@diputados.gob.mx ,Morena,Sin estudios registrados,8.0,1.0,10.0,4.0,27.0,14.0,54,19,9.0,0.0,0.0,0.0
145184758774584417117205777671880583783,Rosalinda Domínguez Flores,Oaxaca ,rosalinda.dominguez@diputados.gob.mx ,Morena,Sin estudios registrados,2.0,0.0,1.0,0.0,27.0,14.0,34,15,4.0,1.0,0.0,0.0
312605335195197801008714671721802546288,Roberto Ángel Domínguez Rodríguez,México ,roberto.dominguez@diputados.gob.mx ,Morena,Sin estudios registrados,5.0,1.0,3.0,1.0,27.0,14.0,36,16,1.0,0.0,0.0,0.0
250520513257678331100500011411005481909,Claudia Angélica Domínguez Vázquez,México ,claudia.dominguez@diputados.gob.mx ,PT,Licenciatura,36.0,6.0,2.0,0.0,21.0,2.0,83,9,24.0,1.0,0.0,0.0
33352615542591272730993342266809983785,Adriana Dávila Fernández,Tlaxcala ,adriana.davila@diputados.gob.mx ,PAN,Licenciatura,106.0,14.0,13.0,1.0,36.0,4.0,162,19,7.0,0.0,0.0,0.0
261154672498358182291341120945359876652,Leticia Díaz Aguilar,Ciudad de México ,leticia.diaz@diputados.gob.mx ,Morena,Bachillerato,21.0,8.0,2.0,0.0,27.0,14.0,55,23,5.0,1.0,0.0,0.0
210335238046905622923520953036256103034,María Guadalupe Díaz Avilez,México ,maguadalupe.diaz@diputados.gob.mx ,Morena,Sin estudios registrados,0.0,0.0,6.0,3.0,11.0,3.0,21,6,4.0,0.0,0.0,0.0
292474412701108891352925566878221340789,Antonia Natividad Díaz Jiménez,Oaxaca ,antonia.diaz@diputados.gob.mx ,PAN,Sin estudios registrados,46.0,4.0,12.0,1.0,7.0,2.0,67,8,2.0,1.0,0.0,0.0
267099433316131582564705907060702302812,Francisco Elizondo Garrido,Nuevo León ,francisco.elizondo@diputados.gob.mx ,Morena,Sin estudios registrados,6.0,0.0,120.0,31.0,27.0,14.0,159,45,6.0,0.0,0.0,0.0
305955854073902313941681487765063990977,Olga Juliana Elizondo Guerra,Tamaulipas ,olga.elizondo@diputados.gob.mx ,PT,Licenciatura,38.0,6.0,8.0,5.0,20.0,3.0,79,19,13.0,5.0,0.0,0.0
68399357028529516847906874620434225878,José Luis Elorza Flores,Chiapas ,jose.elorza@diputados.gob.mx ,Morena,Licenciatura,3.0,0.0,3.0,1.0,27.0,14.0,39,17,6.0,2.0,0.0,0.0
122319395441254970792403695818028764253,Arturo Escobar y Vega,Ciudad de México ,arturo.escobar@diputados.gob.mx ,Partido Verde,Maestría,5.0,1.0,144.0,50.0,30.0,3.0,196,54,17.0,0.0,0.0,0.0
186515929817225730806306257871465963958,Jorge Arturo Espadas Galván,Guanajuato ,jorge.espadas@diputados.gob.mx ,PAN,Posgrado,119.0,15.0,11.0,1.0,41.0,4.0,200,30,29.0,10.0,0.0,0.0
137002958874583540428653980458471056310,Gregorio Efraín Espadas Méndez,Tabasco ,gregorio.espadas@diputados.gob.mx ,Morena,Licenciatura,4.0,0.0,0.0,0.0,27.0,14.0,31,14,0.0,0.0,0.0,0.0
104649253097743464931341138233205872738,Frida Alejandra Esparza Márquez,Zacatecas ,frida.esparza@diputados.gob.mx ,Sin Partido,Licenciatura,17.0,0.0,10.0,1.0,107.0,10.0,166,17,32.0,6.0,0.0,0.0
184204350988139706129283213835656167627,Ma. Eugenia Leticia Espinosa Rivas,Guanajuato ,eugenia.espinosa@diputados.gob.mx ,PAN,Maestría,106.0,16.0,14.0,3.0,42.0,4.0,177,24,15.0,1.0,0.0,0.0
114725678714702271303044950175242302105,Adriana María Guadalupe Espinosa de los Monteros García,Ciudad de México ,adriana.espinosa@diputados.gob.mx ,Morena,Posgrado,2.0,0.0,1.0,0.0,27.0,14.0,45,19,15.0,5.0,0.0,0.0
50673580606332390763636998820674045651,Juan Martín Espinoza Cárdenas,Jalisco ,juan.espinoza@diputados.gob.mx ,MC,Licenciatura,128.0,27.0,4.0,0.0,35.0,3.0,293,45,126.0,15.0,0.0,0.0
289703592276816075622728159082897706581,Juan Francisco Espinoza Eguia,Nuevo León ,francisco.espinoza@diputados.gob.mx ,PRI,Licenciatura,49.0,9.0,5.0,2.0,10.0,0.0,69,12,5.0,1.0,0.0,0.0
169581899577500944429620051908770054817,Zulma Espinoza Mata,Nuevo León ,zulma.espinoza@diputados.gob.mx ,Partido Verde,Maestría,4.0,0.0,62.0,10.0,1.0,0.0,67,10,0.0,0.0,0.0,0.0
198771814086000300559953843889992551692,María Bertha Espinoza Segura,Veracruz ,bertha.espinoza@diputados.gob.mx ,Morena,Bachillerato,9.0,1.0,1.0,0.0,27.0,14.0,41,16,4.0,1.0,0.0,0.0
202456025819868305085273425684889184166,José Francisco Esquitin Alonso,Puebla ,jose.esquitin@diputados.gob.mx ,Sin Partido,Sin estudios registrados,0.0,0.0,0.0,0.0,0.0,0.0,3,0,3.0,0.0,0.0,0.0
222672295150135026411703852916742666470,Ricardo Francisco Exsome Zapata,Veracruz ,ricardo.exsome@diputados.gob.mx ,Morena,Maestría,1.0,0.0,1.0,0.0,27.0,14.0,31,16,2.0,2.0,0.0,0.0
324272006944254725526746654122369415962,Alan Jesús Falomir Saenz,Chihuahua ,alan.falomir@diputados.gob.mx ,PAN,Licenciatura,29.0,8.0,3.0,1.0,31.0,3.0,78,15,15.0,3.0,0.0,0.0
66907100606995142507457943014370565324,Juan Enrique Farrera Esponda,Chiapas ,juan.farrera@diputados.gob.mx ,Morena,Bachillerato,5.0,0.0,0.0,0.0,27.0,14.0,37,15,5.0,1.0,0.0,0.0
72692385012641469260456781974308188281,Melba Nelia Farías Zambrano,Coahuila ,melba.farias@diputados.gob.mx ,Morena,Licenciatura,8.0,0.0,3.0,2.0,25.0,13.0,39,15,3.0,0.0,0.0,0.0
123057086906634731922558963266636961891,Francisco Favela Peñuñuri,México ,francisco.favela@diputados.gob.mx ,PT,Licenciatura,5.0,0.0,3.0,1.0,21.0,2.0,34,5,5.0,2.0,0.0,0.0
260993143143288323878698223941185906077,Alfredo Femat Bañuelos,Zacatecas ,alfredo.femat@diputados.gob.mx ,PT,Maestría,13.0,4.0,1.0,0.0,21.0,2.0,38,6,3.0,0.0,0.0,0.0
70104126227539993977792774293554039030,Nayeli Arlen Fernández Cruz,Ciudad de México ,nayeli.fernandez@diputados.gob.mx ,Morena,Maestría,21.0,1.0,124.0,33.0,27.0,14.0,179,48,7.0,0.0,0.0,0.0
29183842789050800513136859002574895818,Gerardo Fernández Noroña,Ciudad de México ,jgerardo.fernandez@diputados.gob.mx ,PT,Licenciatura,6.0,2.0,4.0,1.0,21.0,2.0,38,5,7.0,0.0,0.0,0.0
1417628075457491314360352948225724048,Feliciano Flores Anguiano,Michoacán ,feliciano.flores@diputados.gob.mx ,Morena,Licenciatura,2.0,1.0,3.0,0.0,27.0,14.0,36,16,4.0,1.0,0.0,0.0
108972970891857894968092248340156555945,Lucía Flores Olivo,Ciudad de México ,lucia.flores@diputados.gob.mx ,Morena,Bachillerato,9.0,2.0,2.0,1.0,27.0,14.0,48,19,10.0,2.0,0.0,0.0
201467436302545002462137998162597960946,Ricardo Flores Suárez,Nuevo León ,ricardo.flores@diputados.gob.mx ,PAN,Sin estudios registrados,107.0,15.0,12.0,1.0,34.0,4.0,172,27,19.0,7.0,0.0,0.0
265588553539517017688154900918641569018,Margarita Flores Sánchez,Nayarit ,margarita.flores@diputados.gob.mx ,PRI,Sin estudios registrados,53.0,9.0,3.0,0.0,8.0,0.0,74,10,10.0,1.0,0.0,0.0
211192952194384524761166354475239374986,Fernando Galindo Favela,Ciudad de México ,fernando.galindo@diputados.gob.mx ,PRI,Licenciatura,35.0,5.0,4.0,1.0,9.0,0.0,57,8,9.0,2.0,0.0,0.0
179094856566532826517801998458558192146,José Ricardo Gallardo Cardona,San Luis Potosí ,ricardo.gallardo@diputados.gob.mx ,Partido Verde,Sin estudios registrados,3.0,1.0,86.0,20.0,23.0,1.0,123,25,11.0,3.0,0.0,0.0
15486450091558549326543000438108897645,Martha Hortencia Garay Cadena,Coahuila ,martha.garay@diputados.gob.mx ,PRI,Bachillerato,59.0,11.0,8.0,4.0,10.0,0.0,90,21,13.0,6.0,0.0,0.0
101262329215886402927472097313195370610,Silvano Garay Ulloa,Tlaxcala ,silvano.garay@diputados.gob.mx ,PT,Sin estudios registrados,2.0,1.0,6.0,2.0,21.0,2.0,31,5,2.0,0.0,0.0,0.0
157307349495888552389164084360535220639,Carolina García Aguilar,México ,cgarcia.aguilar@diputados.gob.mx ,Sin Partido,Sin estudios registrados,29.0,3.0,1.0,0.0,10.0,1.0,69,6,29.0,2.0,0.0,0.0
82870390810486813398751810747782773470,Lidia García Anaya,Hidalgo ,lidia.garcia@diputados.gob.mx ,Morena,Maestría,55.0,8.0,1.0,0.0,27.0,14.0,92,22,9.0,0.0,0.0,0.0
332686769238795073517065210649626403492,Dorheny García Cayetano,Veracruz ,dorheny.garcia@diputados.gob.mx ,Morena,Licenciatura,9.0,2.0,8.0,3.0,27.0,14.0,49,19,5.0,0.0,0.0,0.0
43307430077680638295581627217788925845,Teófilo Manuel García Corpus,Oaxaca ,teofilo.garcia@diputados.gob.mx ,Morena,Sin estudios registrados,2.0,0.0,1.0,0.0,35.0,5.0,46,8,8.0,3.0,0.0,0.0
259453604726931440697623290334124699105,José Luis García Duque,Nuevo León ,jgarcia.duque@diputados.gob.mx ,PT,Licenciatura,50.0,9.0,5.0,2.0,22.0,3.0,80,15,3.0,1.0,0.0,0.0
257478584136735697695485994240248180933,Ricardo García Escalante,Veracruz ,rgarcia.escalante@diputados.gob.mx ,PAN,Maestría,105.0,14.0,9.0,1.0,31.0,4.0,152,19,7.0,0.0,0.0,0.0
116232646165226413827857582430194110912,María Martha García Flores,Ciudad de México , ,Morena,Maestría,0.0,0.0,0.0,0.0,0.0,0.0,0,0,0.0,0.0,0.0,0.0
106385360085989577169436776827586148768,Margarita García García,Oaxaca ,margarita.garcia@diputados.gob.mx ,PT,Licenciatura,10.0,2.0,1.0,0.0,21.0,2.0,73,12,41.0,8.0,0.0,0.0
87547416167017401840360097794422349175,Ana Ruth García Grande,Baja California Sur ,ruth.garcia@diputados.gob.mx ,PT,Sin estudios registrados,14.0,2.0,5.0,1.0,21.0,2.0,60,5,20.0,0.0,0.0,0.0
324068720693294399811813464653704816415,Ma. de Jesús García Guardado,Zacatecas ,mariadejesus.garcia@diputados.gob.mx ,Morena,Licenciatura,8.0,0.0,6.0,4.0,27.0,14.0,41,18,0.0,0.0,0.0,0.0
244161677809305478557711122676484465015,Raymundo García Gutiérrez,Guerrero ,raymundo.garcia@diputados.gob.mx ,Sin Partido,Sin estudios registrados,9.0,0.0,4.0,0.0,103.0,10.0,126,11,10.0,1.0,0.0,0.0
208436246619012022795275596612288406712,Martha Elena García Gómez,Nayarit ,melena.garcia@diputados.gob.mx ,PAN,Bachillerato,72.0,9.0,4.0,1.0,27.0,3.0,129,14,26.0,1.0,0.0,0.0
281962108925485108920932980111670253680,Jesús Fernando García Hernández,Sinaloa ,jesus.garcia@diputados.gob.mx ,PT,Maestría,10.0,0.0,1.0,0.0,30.0,12.0,71,15,30.0,3.0,0.0,0.0
83658323761408328358022761174958650372,Jorge Alcibíades García Lara,Baja California ,jorge.garcia@diputados.gob.mx ,MC,Licenciatura,36.0,9.0,4.0,1.0,35.0,3.0,93,15,18.0,2.0,0.0,0.0
25026513561261912312995433656723360369,Dulce Alejandra García Morlan,Oaxaca ,dulce.garcia@diputados.gob.mx ,PAN,Posgrado,112.0,16.0,11.0,1.0,40.0,4.0,177,25,14.0,4.0,0.0,0.0
287264188683891981055586822755867842204,Absalón García Ochoa,Jalisco ,absalon.garcia@diputados.gob.mx ,PAN,Licenciatura,110.0,15.0,11.0,1.0,35.0,4.0,161,20,5.0,0.0,0.0,0.0
258790185030649784496672844179728443067,Mariana Dunyaska García Rojas,Veracruz ,dunyaska.garcia@diputados.gob.mx ,PAN,Doctorado,247.0,21.0,13.0,2.0,33.0,4.0,310,31,17.0,4.0,0.0,0.0
221066141871499281247523029911575626002,Edith García Rosales,Veracruz ,edith.garcia@diputados.gob.mx ,Morena,Sin estudios registrados,10.0,1.0,2.0,1.0,27.0,14.0,40,16,1.0,0.0,0.0,0.0
123879915322694041972627164530958752710,Agustín García Rubio,Michoacán ,agustin.garcia@diputados.gob.mx ,Morena,Licenciatura,2.0,0.0,0.0,0.0,27.0,14.0,70,19,41.0,5.0,0.0,0.0
158507398736958448155327806961609161837,Ulises García Soto,Chihuahua ,ulises.garcia@diputados.gob.mx ,Morena,Sin estudios registrados,5.0,0.0,0.0,0.0,27.0,14.0,67,19,35.0,5.0,0.0,0.0
239326931824327911784326145264696567586,Martha Olivia García Vidaña,Durango ,olivia.garcia@diputados.gob.mx ,Morena,Licenciatura,7.0,2.0,1.0,0.0,27.0,14.0,41,18,6.0,2.0,0.0,0.0
136177617460074500962462395752382794936,Julieta García Zepeda,Michoacán ,julieta.garcia@diputados.gob.mx ,Morena,Licenciatura,27.0,3.0,1.0,0.0,27.0,14.0,57,17,2.0,0.0,0.0,0.0
267345318295782202017972761646754577370,Sylvia Violeta Garfias Cedillo,Aguascalientes ,sylvia.garfias@diputados.gob.mx ,PAN,Licenciatura,104.0,14.0,14.0,3.0,32.0,4.0,151,21,1.0,0.0,0.0,0.0
223394939837482220986882887453580102530,Silvia Guadalupe Garza Galván,Coahuila ,silvia.garza@diputados.gob.mx ,PAN,Maestría,100.0,15.0,11.0,1.0,33.0,4.0,164,20,20.0,0.0,0.0,0.0
209246472893904340217103402926666247799,Laura Erika de Jesús Garza Gutiérrez,Nuevo León ,laura.garza@diputados.gob.mx ,Sin Partido,Maestría,50.0,9.0,0.0,0.0,10.0,1.0,77,13,17.0,3.0,0.0,0.0
298020133778644312788018628585801827231,María Libier González Anaya,Jalisco ,libier.gonzalez@diputados.gob.mx ,MC,Maestría,31.0,5.0,4.0,0.0,35.0,3.0,80,9,10.0,1.0,0.0,0.0
61138432357569590421367014366219672868,Sandra Paola González Castañeda,Nuevo León ,sandra.gonzalez@diputados.gob.mx ,Morena,Doctorado,8.0,1.0,10.0,2.0,27.0,14.0,68,20,23.0,3.0,0.0,0.0
131198853249339307154162321809910564087,Isaías González Cuevas,Baja California Sur ,isaias.gonzalez@diputados.gob.mx ,PRI,Secundaria,44.0,8.0,2.0,0.0,8.0,0.0,67,10,13.0,2.0,0.0,0.0
178153740628834215949565076681599828471,Armando González Escoto,Ciudad de México ,agonzalez.escoto@diputados.gob.mx ,Sin Partido,Licenciatura,17.0,1.0,0.0,0.0,10.0,1.0,38,5,11.0,3.0,0.0,0.0
135869351264870744816938095505967244126,Martha Elisa González Estrada,Aguascalientes ,elisa.gonzalez@diputados.gob.mx ,PAN,Maestría,103.0,14.0,11.0,1.0,34.0,4.0,170,23,22.0,4.0,0.0,0.0
45257002382097549612651479760902149022,Ana Priscila González García,Jalisco ,priscila.gonzalez@diputados.gob.mx ,MC,Licenciatura,27.0,4.0,5.0,1.0,31.0,3.0,81,13,18.0,5.0,0.0,0.0
192594969189754056793798147320534192726,Hildelisa González Morales,Sonora ,hildelisa.gonzalez@diputados.gob.mx ,PT,Licenciatura,10.0,1.0,1.0,0.0,21.0,2.0,38,4,6.0,1.0,0.0,0.0
238036913908184365115030897743158705749,Karen Michel González Márquez,Guanajuato ,karen.gonzalez@diputados.gob.mx ,PAN,Sin estudios registrados,117.0,13.0,15.0,3.0,37.0,4.0,174,20,5.0,0.0,0.0,0.0
37358645193025753137925885029562447147,Marco Antonio González Reyes,México ,marcoantoniogonzalez@diputados.gob.mx ,Morena,Licenciatura,18.0,3.0,3.0,2.0,27.0,14.0,56,19,8.0,0.0,0.0,0.0
16927028001663498163263799254009634792,Erasmo González Robledo,Tamaulipas ,erasmo.gonzalez@diputados.gob.mx ,Morena,Licenciatura,3.0,1.0,2.0,0.0,27.0,14.0,34,16,2.0,1.0,0.0,0.0
315615667239207609783040727981620060062,Santiago González Soto,Nuevo León ,santiago.gonzalez@diputados.gob.mx ,PT,Maestría,19.0,4.0,2.0,0.0,21.0,2.0,52,8,10.0,2.0,0.0,0.0
336786235039771651509389073227554859046,Óscar González Yáñez,México ,oscar.gonzalez@diputados.gob.mx ,PT,Sin estudios registrados,3.0,0.0,0.0,0.0,20.0,2.0,25,2,2.0,0.0,0.0,0.0
336884606512665402558382424914791148194,Alfredo Antonio Gordillo Moreno,Chiapas ,alfredo.gordillo@diputados.gob.mx ,Morena,Sin estudios registrados,4.0,0.0,67.0,12.0,11.0,3.0,82,15,0.0,0.0,0.0,0.0
140711544589421404385003717833172396623,Raúl Gracia Guzmán,Nuevo León ,raul.gracia@diputados.gob.mx ,PAN,Licenciatura,79.0,14.0,9.0,0.0,30.0,3.0,135,18,17.0,1.0,0.0,0.0
178421725935485489920039176226592799348,Norma Guel Saldívar,Aguascalientes ,norma.guel@diputados.gob.mx ,PRI,Maestría,56.0,12.0,2.0,0.0,10.0,0.0,80,13,12.0,1.0,0.0,0.0
9752870352977612787368195414070227850,Juanita Guerra Mena,Morelos ,juanita.guerra@diputados.gob.mx ,Morena,Maestría,14.0,2.0,4.0,1.0,27.0,14.0,65,21,20.0,4.0,0.0,0.0
128498906803077729300486896587324528241,Lizeth Amayrani Guerra Méndez,Veracruz ,lizeth.guerra@diputados.gob.mx ,Morena,Licenciatura,16.0,3.0,4.0,0.0,27.0,14.0,58,19,11.0,2.0,0.0,0.0
160151697826795750141760518752180428253,Laura Mónica Guerra Navarro,México ,laura.guerra@diputados.gob.mx ,Morena,Bachillerato,2.0,1.0,1.0,0.0,11.0,3.0,17,4,3.0,0.0,0.0,0.0
139197866850696932094536997552664098199,Isabel Margarita Guerra Villarreal,Nuevo León ,isabel.guerra@diputados.gob.mx ,PAN,Maestría,149.0,21.0,11.0,1.0,33.0,4.0,202,31,9.0,5.0,0.0,0.0
296027569665565175136283032484760645371,Yolanda Guerrero Barrera,Michoacán ,yolanda.guerrero@diputados.gob.mx ,Morena,Licenciatura,6.0,1.0,0.0,0.0,27.0,14.0,35,15,2.0,0.0,0.0,0.0
133767030908542890527243491403771958205,Ana Lilia Guillén Quiroz,Michoacán ,ana.guillen@diputados.gob.mx ,Morena,Sin estudios registrados,3.0,0.0,2.0,1.0,27.0,14.0,34,16,2.0,1.0,0.0,0.0
252708044028143575962189343197447876253,Oscar Eugenio Gutiérrez Camacho,Ciudad de México ,eugenio.gutierrez@diputados.gob.mx ,Morena,Sin estudios registrados,0.0,0.0,0.0,0.0,0.0,0.0,1,0,1.0,0.0,0.0,0.0
311824795261241647003618513073163915008,Daniel Gutiérrez Gutiérrez,Oaxaca ,daniel.gutierrez@diputados.gob.mx ,Morena,Maestría,0.0,0.0,0.0,0.0,27.0,14.0,40,16,13.0,2.0,0.0,0.0
14969506465667446338715015248766396043,Sergio Carlos Gutiérrez Luna,México ,sergio.gutierrez@diputados.gob.mx ,Morena,Maestría,2.0,1.0,1.0,0.0,16.0,5.0,35,7,16.0,1.0,0.0,0.0
238873938807931549204214256430243922350,María de los Angeles Gutiérrez Valdez,Chihuahua ,angeles.gutierrez@diputados.gob.mx ,PAN,Licenciatura,152.0,20.0,4.0,1.0,32.0,4.0,206,30,18.0,5.0,0.0,0.0
307917100980407887396842943834611085765,Jesús Guzmán Avilés,Veracruz ,jguzman.aviles@diputados.gob.mx ,PAN,Licenciatura,81.0,13.0,14.0,3.0,32.0,3.0,135,19,8.0,0.0,0.0,0.0
255449418850026999276997133116137561531,María Del Rosario Guzmán Avilés,Veracruz ,rosario.guzman@diputados.gob.mx ,PAN,Licenciatura,84.0,16.0,8.0,2.0,31.0,4.0,130,22,7.0,0.0,0.0,0.0
44699320029792148526392677363057502245,Francisco Javier Guzmán De La Torre,Jalisco ,javier.guzman@diputados.gob.mx ,Morena,Secundaria,1.0,0.0,3.0,2.0,27.0,14.0,35,16,4.0,0.0,0.0,0.0
280104928478609604730768692692759993687,Edgar Guzmán Valdéz,Puebla ,edgar.guzman@diputados.gob.mx ,Sin Partido,Licenciatura,25.0,5.0,2.0,1.0,19.0,11.0,58,20,12.0,3.0,0.0,0.0
15724896514263261529311260702128510303,Marco Antonio Gómez Alcantar,Sinaloa ,antonio.gomez@diputados.gob.mx ,Partido Verde,Licenciatura,4.0,3.0,127.0,33.0,30.0,3.0,163,39,2.0,0.0,0.0,0.0
250707991553404355226674928382772962835,Annia Sarahí Gómez Cárdenas,Nuevo León ,annia.gomez@diputados.gob.mx ,PAN,Maestría,109.0,13.0,12.0,1.0,33.0,4.0,170,23,16.0,5.0,0.0,0.0
103941914347452718750487623664724834327,Maiella Martha Gabriela Gómez Maldonado,Puebla ,maiella.gomez@diputados.gob.mx ,Sin Partido,Licenciatura,17.0,4.0,8.0,0.0,32.0,4.0,82,12,25.0,4.0,0.0,0.0
134613044115715475450768412574403060317,Leticia Mariana Gómez Ordaz,México ,leticia.gomez@diputados.gob.mx ,Partido Verde,Maestría,8.0,3.0,126.0,33.0,30.0,3.0,169,39,5.0,0.0,0.0,0.0
104772604560445309729547389326678303623,José Del Carmen Gómez Quej,Campeche ,josedelcarmen.gomez@diputados.gob.mx ,PAN,Licenciatura,104.0,14.0,11.0,1.0,34.0,4.0,152,21,3.0,2.0,0.0,0.0
28509583929070283490803404102154351320,Manuel Gómez Ventura,Veracruz ,mgomez.ventura@diputados.gob.mx ,Morena,Licenciatura,14.0,1.0,0.0,0.0,27.0,14.0,47,18,6.0,3.0,0.0,0.0
160657125350448153078459786947045156400,Pablo Gómez Álvarez,Ciudad de México ,escribe@pablogomez.org ,Morena,Sin estudios registrados,4.0,0.0,1.0,0.0,27.0,14.0,48,20,16.0,6.0,0.0,0.0
38776154981562827558913521777913906047,Ismael Alfredo Hernández Deras,Durango ,alfredo.hernandez@diputados.gob.mx ,PRI,Licenciatura,31.0,7.0,1.0,0.0,8.0,0.0,50,8,10.0,1.0,0.0,0.0
88255418754729725444592224740333887032,Laura Isabel Hernández Pichardo,México , ,PRI,Licenciatura,0.0,0.0,2.0,0.0,0.0,0.0,5,0,3.0,0.0,0.0,0.0
132663099878114572761324896762669488543,César Agustín Hernández Pérez,México ,cesar.hernandez@diputados.gob.mx ,Morena,Maestría,7.0,2.0,3.0,1.0,27.0,14.0,57,19,20.0,2.0,0.0,0.0
59272403724185665614810003054361025189,María Eugenia Hernández Pérez,México ,eugenia.hernandez@diputados.gob.mx ,Morena,Licenciatura,51.0,6.0,8.0,2.0,27.0,14.0,111,28,25.0,6.0,0.0,0.0
224347452528085789013254706942223917541,Arturo Roberto Hernández Tapia,México ,arturo.hernandez@diputados.gob.mx ,Morena,Maestría,11.0,3.0,0.0,0.0,27.0,14.0,44,20,6.0,3.0,0.0,0.0
160289927432003813694364192177297618491,Rafael Hernández Villalpando,Veracruz ,rafael.hernandezv@diputados.gob.mx ,Morena,Maestría,2.0,0.0,0.0,0.0,27.0,14.0,29,14,0.0,0.0,0.0,0.0
98288731846547289714069077992134789642,Samuel Herrera Chávez,Zacatecas ,samuel.herrera@diputados.gob.mx ,Morena,Maestría,22.0,4.0,1.0,0.0,27.0,14.0,60,19,10.0,1.0,0.0,0.0
333048861142238712347177003612585165229,Gonzalo Herrera Pérez,Michoacán ,gonzalo.herrera@diputados.gob.mx ,Morena,Sin estudios registrados,6.0,1.0,5.0,2.0,27.0,14.0,38,17,0.0,0.0,0.0,0.0
298854190364648717018748482620582371234,Geraldina Isabel Herrera Vega,Jalisco ,geraldina.herrera@diputados.gob.mx ,MC,Maestría,34.0,5.0,4.0,0.0,36.0,4.0,99,9,25.0,0.0,0.0,0.0
98725815536782855067687332250857920540,Javier Ariel Hidalgo Ponce,Ciudad de México ,javier.hidalgo@diputados.gob.mx ,Morena,Licenciatura,15.0,1.0,1.0,0.0,27.0,14.0,62,19,19.0,4.0,0.0,0.0
268490807200889106081500173197125359864,Francisco Javier Huacus Esquivel,Michoacán ,francisco.huacus@diputados.gob.mx ,PT,Licenciatura,8.0,1.0,2.0,0.0,21.0,2.0,36,3,5.0,0.0,0.0,0.0
291345197253307122964898328743653537112,Benjamín Saúl Huerta Corona,Puebla ,benjamin.huerta@diputados.gob.mx ,Sin Partido,Licenciatura,3.0,0.0,1.0,0.0,27.0,14.0,44,20,13.0,6.0,0.0,0.0
335256292060032327300848542602417411675,Agustín Reynaldo Huerta González,Puebla ,agustin.huerta@diputados.gob.mx ,Morena,Licenciatura,3.0,0.0,8.0,4.0,27.0,14.0,38,18,0.0,0.0,0.0,0.0
212300909844630196497608948041268632466,Martha Huerta Hernández,Puebla ,Martha.huerta@diputados.gob.mx ,PT,Maestría,3.0,1.0,2.0,0.0,15.0,2.0,26,4,6.0,1.0,0.0,0.0
67123861267907602917641208807713054115,Manuel Huerta Martínez,Guerrero ,mhuerta.martinez@diputados.gob.mx ,PT,Licenciatura,6.0,1.0,2.0,0.0,22.0,12.0,46,18,16.0,5.0,0.0,0.0
206085404556414264623182953139251551305,María de los Ángeles Huerta del Río,México ,angeles.huerta@diputados.gob.mx ,Morena,Maestría,2.0,0.0,0.0,0.0,27.0,14.0,32,15,3.0,1.0,0.0,0.0
69642136222206632603494172347534765358,Anilú Ingram Vallines,Veracruz ,anilu.ingram@diputados.gob.mx ,PRI,Maestría,27.0,5.0,3.0,1.0,9.0,0.0,70,13,31.0,7.0,0.0,0.0
154061223868688946193997758812413425693,Limbert Iván de Jesús Interian Gallegos,Yucatán ,limbert.interian@diputados.gob.mx ,Morena,Sin estudios registrados,7.0,3.0,1.0,0.0,22.0,10.0,40,15,10.0,2.0,0.0,0.0
171521188898134261138527840202079842344,Humberto Ramon Jarero Cornejo,Jalisco ,humberto.jarero@diputados.gob.mx ,MC,Licenciatura,0.0,0.0,1.0,0.0,4.0,0.0,13,0,8.0,0.0,0.0,0.0
247895830467407055195040945577168010700,Miguel Pavel Jarero Velázquez,Nayarit ,miguel.jarero@diputados.gob.mx ,Morena,Licenciatura,2.0,0.0,2.0,0.0,27.0,14.0,31,14,0.0,0.0,0.0,0.0
333194246126584286103677332519670732764,Lorena del Socorro Jiménez Andrade,Jalisco ,lorena.jimenez@diputados.gob.mx ,Morena,Maestría,10.0,0.0,1.0,0.0,27.0,14.0,60,17,22.0,3.0,0.0,0.0
308042809162384121660013049302277320791,María Roselia Jiménez Pérez,Chiapas ,roselia.jimenez@diputados.gob.mx ,PT,Licenciatura,1.0,0.0,1.0,0.0,21.0,2.0,29,3,6.0,1.0,0.0,0.0
30396865498064849894167947370404272115,Oscar Jiménez Rayón,México ,oscar.rayon@diputados.gob.mx ,PRI,Bachillerato,0.0,0.0,0.0,0.0,0.0,0.0,5,0,5.0,0.0,0.0,0.0
156184002831136461195057895956425752965,Héctor Guillermo de Jesús Jiménez y Meneses,Puebla ,hector.jimenez@diputados.gob.mx ,Morena,Licenciatura,1.0,0.0,2.0,0.0,27.0,14.0,38,14,8.0,0.0,0.0,0.0
53422697018152601757610063198110019977,Irma Juan Carlos,Oaxaca ,irma.juan@diputados.gob.mx ,Morena,Maestría,26.0,4.0,4.0,0.0,27.0,14.0,81,23,24.0,5.0,0.0,0.0
77906888934370471799424615368868890129,Rene Juárez Cisneros,Guerrero ,rene.juarez@diputados.gob.mx ,PRI,Licenciatura,18.0,3.0,23.0,17.0,12.0,0.0,81,21,28.0,1.0,0.0,0.0
209279861150766127811644797394120626668,Verónica Beatriz Juárez Piña,Jalisco ,veronica.juarez@diputados.gob.mx ,Sin Partido,Licenciatura,16.0,2.0,45.0,18.0,106.0,10.0,236,48,69.0,18.0,0.0,0.0
171885809131195722781300322980121085833,Miguel Ángel Jáuregui Montes de Oca,Ciudad de México ,miguel.jauregui@diputados.gob.mx ,Morena,Licenciatura,2.0,0.0,1.0,0.0,27.0,14.0,66,17,36.0,3.0,0.0,0.0
322203857573003210979897131461447924071,Carlos Javier Lamarque Cano,Sonora ,javier.lamarque@diputados.gob.mx ,Morena,Licenciatura,2.0,0.0,2.0,0.0,27.0,14.0,38,16,7.0,2.0,0.0,0.0
5132016680955702788622880982756300806,Claudia Elena Lastra Muñoz,Chihuahua ,claudia.lastra@diputados.gob.mx ,PAN,Sin estudios registrados,14.0,1.0,1.0,0.0,18.0,2.0,35,3,2.0,0.0,0.0,0.0
99488713957588827972652181291518608641,Manuel Limón Hernández,Veracruz ,manuel.limon@diputados.gob.mx ,PRI,Bachillerato,69.0,11.0,2.0,0.0,10.0,0.0,81,11,0.0,0.0,0.0,0.0
334298181192504979395806419211977524955,José Elías Lixa Abimerhi,Yucatán ,elias.lixa@diputados.gob.mx ,PAN,Doctorado,120.0,16.0,4.0,1.0,33.0,3.0,168,28,11.0,8.0,0.0,0.0
258674907217584642018978628447964444466,Juan Carlos Loera De La Rosa,Chihuahua ,juan.loera@diputados.gob.mx ,Morena,Maestría,1.0,0.0,0.0,0.0,11.0,9.0,16,10,4.0,1.0,0.0,0.0
63542542552946667051027892737111972146,Fabiola Raquel Guadalupe Loya Hernández,Jalisco ,fabiola.loya@diputados.gob.mx ,MC,Licenciatura,28.0,7.0,14.0,4.0,36.0,4.0,155,22,77.0,7.0,0.0,0.0
148728616150848869435773957479599988186,Pilar Lozano Mac Donald,Nuevo León ,pilar.lozano@diputados.gob.mx ,MC,Maestría,18.0,2.0,7.0,0.0,35.0,3.0,72,5,12.0,0.0,0.0,0.0
81790658933551942746327948804659231714,Adriana Lozano Rodríguez,Tamaulipas ,adriana.lozano@diputados.gob.mx ,Morena,Licenciatura,16.0,3.0,3.0,1.0,10.0,1.0,34,5,5.0,0.0,0.0,0.0
20681703118449939674066463913619601086,Leticia Lozano Zavala,Guerrero ,leticia.lozano@diputados.gob.mx ,Morena,Sin estudios registrados,0.0,0.0,0.0,0.0,0.0,0.0,0,0,0.0,0.0,0.0,0.0
9416071151360507286997702396543086884,Francisco Javier Luévano Núñez,Aguascalientes ,francisco.luevano@diputados.gob.mx ,PAN,Bachillerato,93.0,13.0,4.0,1.0,31.0,4.0,137,19,9.0,1.0,0.0,0.0
255220437829679603904790612468693398557,Ana Paola López Birlain,Querétaro ,ana.lopez@diputados.gob.mx ,PAN,Maestría,109.0,10.0,11.0,1.0,32.0,4.0,159,15,7.0,0.0,0.0,0.0
176776392837533101640566719015349226512,Manuel López Castillo,Sonora ,manuel.lopez@diputados.gob.mx ,Morena,Licenciatura,5.0,2.0,2.0,0.0,27.0,14.0,41,16,7.0,0.0,0.0,0.0
193933580630386700380946186672566894898,Cynthia Iliana López Castro,Ciudad de México ,cynthia.lopez@diputados.gob.mx ,PRI,Doctorado,19.0,1.0,6.0,2.0,8.0,0.0,39,5,6.0,2.0,0.0,0.0
292404096094896997178305486741310559453,Maria Beatriz López Chávez,Ciudad de México ,beatriz.lopez@diputados.gob.mx ,Morena,Licenciatura,16.0,4.0,2.0,1.0,27.0,14.0,56,21,11.0,2.0,0.0,0.0
74968553522377038761672670140673744282,José Martín López Cisneros,Nuevo León ,jose.lopez@diputados.gob.mx ,PAN,Sin estudios registrados,103.0,15.0,10.0,1.0,33.0,4.0,174,21,28.0,1.0,0.0,0.0
286313741144580721140066486137402989499,Silvestre López Cornejo,México ,silvestre.lopez@diputados.gob.mx ,Morena,Maestría,0.0,0.0,2.0,1.0,0.0,0.0,2,1,0.0,0.0,0.0,0.0
252677426514839155005430358279763306688,María Teresa López Pérez,Jalisco ,teresa.lopez@diputados.gob.mx ,Morena,Maestría,5.0,1.0,0.0,0.0,27.0,14.0,45,17,13.0,2.0,0.0,0.0
39502231973749952766619570496329837800,Claudia López Rayón,Ciudad de México ,claudia.lopez@diputados.gob.mx ,Morena,Bachillerato,9.0,3.0,1.0,0.0,27.0,14.0,41,17,4.0,0.0,0.0,0.0
318209371208831826311137094254340010266,Nelly Maceda Carrera,Puebla ,nelly.maceda@diputados.gob.mx ,PT,Bachillerato,1.0,0.0,0.0,0.0,31.0,13.0,39,13,7.0,0.0,0.0,0.0
118221182030791681907786049707134232326,Felipe Fernando Macías Olvera,Querétaro ,felipe.macias@diputados.gob.mx ,PAN,Maestría,114.0,16.0,11.0,1.0,34.0,4.0,172,28,13.0,7.0,0.0,0.0
99565200661517676462652823076633176792,Julieta Macías Rábago,Ciudad de México ,julieta.macias@diputados.gob.mx ,MC,Licenciatura,44.0,6.0,19.0,5.0,35.0,4.0,137,27,39.0,12.0,0.0,0.0
259284674972151851473377073958195364374,Mirna Zabeida Maldonado Tapia,Zacatecas ,mirna.maldonado@diputados.gob.mx ,Morena,Doctorado,8.0,1.0,4.0,2.0,27.0,14.0,42,17,3.0,0.0,0.0,0.0
72468999292130342633291874450029819384,Fernando Luis Manzanilla Prieto,Puebla ,fernando.manzanilla@diputados.gob.mx ,Sin Partido,Maestría,0.0,0.0,4.0,4.0,8.0,1.0,56,10,44.0,5.0,0.0,0.0
495950800237071502964184278561986950,Emilio Manzanilla Téllez,México ,emilio.manzanilla@diputados.gob.mx ,PT,Licenciatura,10.0,2.0,1.0,0.0,21.0,2.0,37,4,5.0,0.0,0.0,0.0
316991103646982540604739711718749835143,Javier Manzano Salazar,Guerrero ,javier.manzano@diputados.gob.mx ,Morena,Licenciatura,0.0,0.0,1.0,0.0,27.0,14.0,28,14,0.0,0.0,0.0,0.0
219339623649253737281502255465696738971,José Rigoberto Mares Aguilar,Baja California Sur ,jose.mares@diputados.gob.mx ,PAN,Licenciatura,111.0,15.0,10.0,1.0,33.0,4.0,160,20,6.0,0.0,0.0,0.0
173483602934204222607667751220532656534,Emeteria Claudia Martínez Aguilar,Chiapas ,emeteria.martinez@diputados.gob.mx ,Morena,Licenciatura,6.0,0.0,3.0,2.0,27.0,14.0,48,17,12.0,1.0,0.0,0.0
143625477621082647020461216210955065139,Carlos Enrique Martínez Aké,Campeche ,cenrique.martinez@diputados.gob.mx ,Morena,Licenciatura,3.0,0.0,0.0,0.0,27.0,14.0,32,14,2.0,0.0,0.0,0.0
84990077973329468452409881942819518575,Juan Martínez Flores,Veracruz ,jmartinez.flores@diputados.gob.mx ,Morena,Licenciatura,13.0,0.0,0.0,0.0,27.0,14.0,47,14,7.0,0.0,0.0,0.0
11657016298672196472273877811750110077,Laura Martínez González,Ciudad de México ,laura.martinez@diputados.gob.mx ,Morena,Bachillerato,21.0,3.0,5.0,3.0,27.0,14.0,67,23,14.0,3.0,0.0,0.0
136684203816645005300770722195680097844,Jacquelina Martínez Juárez,Zacatecas ,jacquelina.martinez@diputados.gob.mx ,PAN,Maestría,122.0,17.0,16.0,4.0,31.0,4.0,176,26,7.0,1.0,0.0,0.0
147231460572294247053247064616394701135,Maribel Martínez Ruiz,Oaxaca ,mmartinez.ruiz@diputados.gob.mx ,PT,Maestría,24.0,4.0,10.0,3.0,21.0,2.0,108,12,53.0,3.0,0.0,0.0
165310926580741461018354644264600099429,Oscar Daniel Martínez Terrazas,Morelos ,oscar.martinez@diputados.gob.mx ,PAN,Licenciatura,108.0,15.0,5.0,1.0,34.0,4.0,160,21,13.0,1.0,0.0,0.0
2271396669831691224254592176130579846,Luis Enrique Martínez Ventura,México ,luisenrique.martinez@diputados.gob.mx ,PT,Sin estudios registrados,6.0,1.0,1.0,0.0,31.0,13.0,40,14,2.0,0.0,0.0,0.0
125372374464809012267489895962190962089,María Teresa Marú Mejía,México ,maria.maru@diputados.gob.mx ,PT,Licenciatura,5.0,2.0,2.0,0.0,21.0,2.0,46,5,18.0,1.0,0.0,0.0
300960806193451537399110310110099105298,Mario Mata Carrasco,Chihuahua ,mmata.carrasco@diputados.gob.mx ,PAN,Licenciatura,104.0,13.0,8.0,3.0,33.0,4.0,159,21,14.0,1.0,0.0,0.0
274608602124787370122553950722850966727,Hirepan Maya Martínez,Michoacán ,hirepan.maya@diputados.gob.mx ,Morena,Secundaria,6.0,1.0,0.0,0.0,27.0,14.0,46,17,13.0,2.0,0.0,0.0
4964289118230566904027826522066320592,Sergio Mayer Bretón,Ciudad de México ,sergio.mayer@diputados.gob.mx ,Morena,Licenciatura,8.0,0.0,3.0,0.0,27.0,14.0,62,17,24.0,3.0,0.0,0.0
62604915432060492163140229788845116935,Carmen Medel Palma,Veracruz ,carmen.medel@diputados.gob.mx ,Morena,Maestría,12.0,2.0,3.0,2.0,27.0,14.0,55,20,13.0,2.0,0.0,0.0
143294710127274276476166809693120808663,Benito Medina Herrera,Baja California ,benito.medina@diputados.gob.mx ,PRI,Maestría,57.0,10.0,3.0,0.0,10.0,0.0,70,10,0.0,0.0,0.0,0.0
21323617715321571263052093278445398775,Adriana Gabriela Medina Ortíz,Jalisco ,gabriela.medina@diputados.gob.mx ,MC,Licenciatura,17.0,4.0,8.0,0.0,36.0,4.0,173,21,112.0,13.0,0.0,0.0
133111319996690207257433597241119063636,Marco Antonio Medina Pérez,Veracruz ,marco.medina@diputados.gob.mx ,Morena,Licenciatura,7.0,0.0,1.0,0.0,27.0,14.0,44,15,9.0,1.0,0.0,0.0
245217670689761226910304273683951333398,Maria Esther Mejía Cruz,Chihuahua ,maria.mejia@diputados.gob.mx ,Morena,Sin estudios registrados,4.0,0.0,0.0,0.0,27.0,14.0,43,15,12.0,1.0,0.0,0.0
192113613291937413537899403067101325796,Luis Alberto Mendoza Acevedo,Ciudad de México ,luismendoza.a@diputados.gob.mx ,PAN,Maestría,95.0,14.0,4.0,1.0,32.0,4.0,145,22,14.0,3.0,0.0,0.0
46645280795701392767294240918168593219,Edith Marisol Mercado Torres,México ,edith.mercado@diputados.gob.mx ,Morena,Sin estudios registrados,12.0,3.0,0.0,0.0,27.0,14.0,40,18,1.0,1.0,0.0,0.0
138438419069257620595668668325190447606,Virginia Merino García,Oaxaca ,virginia.merino@diputados.gob.mx ,Morena,Bachillerato,3.0,1.0,3.0,2.0,20.0,9.0,27,13,1.0,1.0,0.0,0.0
86530242387151885266582849435975300675,María del Rosario Merlín García,Guerrero ,maria.merlin@diputados.gob.mx ,Morena,Licenciatura,4.0,0.0,1.0,0.0,27.0,14.0,32,14,0.0,0.0,0.0,0.0
100561571316464753684827611906187878889,Moisés Ignacio Mier Velazco,Puebla ,moises.mier@diputados.gob.mx ,Morena,Sin estudios registrados,1.0,0.0,5.0,3.0,27.0,14.0,39,20,6.0,3.0,0.0,0.0
216575659873309463860948183184442036622,Jesús Salvador Minor Mora,Baja California ,jesus.minor@diputados.gob.mx ,Morena,Licenciatura,1.0,0.0,1.0,0.0,27.0,14.0,31,14,2.0,0.0,0.0,0.0
296515899279011103085192050620229493306,Luis Enrique Miranda Nava,México ,luis.miranda@diputados.gob.mx ,PRI,Licenciatura,22.0,5.0,2.0,0.0,9.0,0.0,33,5,0.0,0.0,0.0,0.0
59365317914947263025680574664599557644,Alejandro Mojica Toledo,Morelos ,alejandro.mojica@diputados.gob.mx ,Morena,Bachillerato,5.0,0.0,0.0,0.0,27.0,14.0,36,14,4.0,0.0,0.0,0.0
78292095875085133990442250173015475655,Víctor Adolfo Mojica Wences,Guerrero ,victor.mojica@diputados.gob.mx ,Morena,Licenciatura,10.0,0.0,0.0,0.0,27.0,14.0,46,14,9.0,0.0,0.0,0.0
176628431042174702682489679064639008675,Irineo Molina Espinoza,Oaxaca ,irineo.molina@diputados.gob.mx ,Morena,Licenciatura,6.0,0.0,0.0,0.0,27.0,14.0,47,18,14.0,4.0,0.0,0.0
17250562508012752240987769445204125041,José Luis Montalvo Luna,México ,jose.montalvo@diputados.gob.mx ,PT,Doctorado,10.0,2.0,2.0,0.0,21.0,2.0,46,9,13.0,5.0,0.0,0.0
90897445096989869302652290129953088171,María de Lourdes Montes Hernández,Durango ,lourdes.montes@diputados.gob.mx ,Morena,Sin estudios registrados,3.0,1.0,3.0,1.0,11.0,3.0,19,5,2.0,0.0,0.0,0.0
291229140933101902434756289754529477251,Jorge Luis Montes Nieves,Querétaro ,jorge.montes@diputados.gob.mx ,Morena,Licenciatura,5.0,0.0,1.0,0.0,27.0,14.0,46,17,12.0,3.0,1.0,0.0
4048357336048650857514520748307128245,Carmen Mora García,Veracruz ,carmen.mora@diputados.gob.mx ,Morena,Secundaria,12.0,1.0,3.0,2.0,27.0,14.0,46,20,4.0,3.0,0.0,0.0
224902583000320535572496755388850872144,María Teresa Rebeca Rosa Mora Ríos,México ,teresa.mora@diputados.gob.mx ,Morena,Licenciatura,18.0,4.0,1.0,0.0,27.0,14.0,56,18,10.0,0.0,0.0,0.0
162745775355269504478649288118332279216,Erik Isaac Morales Elvira,Baja California ,erik.morales@diputados.gob.mx ,Morena,Sin estudios registrados,0.0,0.0,0.0,0.0,27.0,14.0,37,17,10.0,3.0,0.0,0.0
61174731853174735800483729830378913439,Carlos Alberto Morales Vázquez,Chiapas ,carlos.morales@diputados.gob.mx ,Sin Partido,Licenciatura,2.0,0.0,0.0,0.0,0.0,0.0,8,1,6.0,1.0,0.0,0.0
21095216207712600972412916656188710393,Rubén Ignacio Moreira Valdez,Coahuila ,ruben.moreira@diputados.gob.mx ,PRI,Maestría,30.0,4.0,2.0,0.0,8.0,0.0,82,9,42.0,5.0,0.0,0.0
171566464486884388216382723460124984613,Mario Ismael Moreno Gil,Baja California ,ismael.moreno@diputados.gob.mx ,Morena,Bachillerato,5.0,1.0,1.0,0.0,27.0,14.0,61,17,28.0,2.0,0.0,0.0
195076335791083182845977793381289020785,Esmeralda de los Angeles Moreno Medina,México ,esmeralda.moreno@diputados.gob.mx ,Sin Partido,Maestría,14.0,2.0,2.0,1.0,9.0,1.0,71,9,46.0,5.0,0.0,0.0
107240489820213941830888579298115325653,Ulises Murguía Soto,México ,ulises.murguia@diputados.gob.mx ,Morena,Licenciatura,0.0,0.0,2.0,0.0,27.0,14.0,35,15,6.0,1.0,0.0,0.0
81074286792349248762536685838397023825,Janet Melanie Murillo Chávez,Guanajuato ,janet.murillo@diputados.gob.mx ,PAN,Licenciatura,123.0,15.0,5.0,1.0,38.0,4.0,214,26,48.0,6.0,0.0,0.0
178048852626454395252369496790085591696,Porfirio Muñoz Ledo ,Ciudad de México ,porfirio.munozledo@diputados.gob.mx ,Morena,Doctorado,0.0,0.0,3.0,1.0,27.0,14.0,50,17,20.0,2.0,0.0,0.0
216639501909940373493131976842336026854,Miguel Ángel Márquez González,Jalisco ,miguel.marquez@diputados.gob.mx ,Morena,Licenciatura,3.0,0.0,2.0,0.0,27.0,14.0,32,14,0.0,0.0,0.0,0.0
225128176671320650036354290897003628941,Dulce María Méndez De La Luz Dauzón,Veracruz ,dulce.mendez@diputados.gob.mx ,MC,Licenciatura,50.0,10.0,11.0,2.0,35.0,3.0,120,19,24.0,4.0,0.0,0.0
121730107438138542262016217929843757630,Alma Delia Navarrete Rivera,México ,alma.navarrete@diputados.gob.mx ,Morena,Bachillerato,29.0,4.0,4.0,1.0,27.0,14.0,63,19,3.0,0.0,0.0,0.0
331219707607410155101631655931411072204,Montserrat Navarro Pérez,Ciudad de México , ,Morena,Sin estudios registrados,0.0,0.0,0.0,0.0,0.0,0.0,0,0,0.0,0.0,0.0,0.0
137083623275977209020520418092089445987,Martha Lizeth Noriega Galaz,Baja California ,martha.noriega@diputados.gob.mx ,Morena,Licenciatura,0.0,0.0,0.0,0.0,11.0,3.0,18,3,7.0,0.0,0.0,0.0
267423731648825910005959937196723299618,Hortensia María Luisa Noroña Quezada,Jalisco ,hortensia.norona@diputados.gob.mx ,PRI,Bachillerato,35.0,5.0,3.0,1.0,8.0,0.0,66,7,20.0,1.0,0.0,0.0
186157128873431858907547421846617344297,Oscar Rafael Novella Macías,Zacatecas ,oscar.novella@diputados.gob.mx ,Morena,Maestría,15.0,1.0,0.0,0.0,27.0,14.0,50,17,8.0,2.0,0.0,0.0
200053897408124839729284722776126264768,Estela Núñez Alvarez,Tabasco ,estela.nunez@diputados.gob.mx ,Morena,Licenciatura,8.0,2.0,0.0,0.0,27.0,14.0,36,16,1.0,0.0,0.0,0.0
179011884066865414653486254509840540059,Sarai Núñez Cerón,Guanajuato ,sarai.nunez@diputados.gob.mx ,PAN,Maestría,114.0,16.0,11.0,1.0,39.0,4.0,184,28,20.0,7.0,0.0,0.0
67202114704282603232539589824495708830,Manuela del Carmen Obrador Narváez,Chiapas ,manuela.obrador@diputados.gob.mx ,Morena,Licenciatura,0.0,0.0,0.0,0.0,27.0,14.0,28,15,1.0,1.0,0.0,0.0
215947955223018539309072187533607731631,Araceli Ocampo Manzanares,Guerrero ,araceli.ocampo@diputados.gob.mx ,Morena,Licenciatura,9.0,3.0,4.0,1.0,27.0,14.0,49,21,9.0,3.0,0.0,0.0
206961918889524957305218382309065841170,Enrique Ochoa Reza (LICENCIA),Michoacán ,enrique.ochoa@diputados.gob.mx ,PRI,Doctorado,54.0,11.0,5.0,0.0,12.0,0.0,81,11,10.0,0.0,0.0,0.0
77827682540105806658708409552603042566,Zaira Ochoa Valdivia,Veracruz ,zaira.ochoa@diputados.gob.mx ,Morena,Maestría,14.0,1.0,0.0,0.0,27.0,14.0,57,16,16.0,1.0,0.0,0.0
234860406765534744248065432770945404595,Simey Olvera Bautista,Hidalgo ,simey.olvera@diputados.gob.mx ,Morena,Maestría,130.0,16.0,5.0,0.0,27.0,14.0,170,31,8.0,1.0,0.0,0.0
36586750035725902550919845457724154073,Vicente Alberto Onofre Vázquez,México ,vicente.onofre@diputados.gob.mx ,Morena,Sin estudios registrados,1.0,1.0,1.0,0.0,17.0,5.0,29,10,10.0,4.0,0.0,0.0
154260087306452962294226930436668561571,David Orihuela Nava,México ,david.orihuela@diputados.gob.mx ,Morena,Licenciatura,0.0,0.0,0.0,0.0,27.0,14.0,31,17,4.0,3.0,0.0,0.0
72246268970051831742932213040104915532,Antonio Ortega Martínez,Aguascalientes ,antonio.ortega@diputados.gob.mx ,Sin Partido,Licenciatura,10.0,1.0,9.0,1.0,110.0,11.0,137,14,8.0,1.0,0.0,0.0
321910478262307103974608974392163160419,Ma. del Pilar Ortega Martínez,Guanajuato ,pilar.ortega@diputados.gob.mx ,PAN,Maestría,84.0,13.0,8.0,3.0,36.0,3.0,142,23,14.0,4.0,0.0,0.0
15094144381078391334709877276985339983,Hilda Patricia Ortega Nájera,Durango ,hilda.ortega@diputados.gob.mx ,Morena,Licenciatura,7.0,2.0,1.0,0.0,27.0,14.0,42,17,7.0,1.0,0.0,0.0
118887204821327897103342569547680221476,Juan Ortiz Guarneros,Veracruz ,juan.ortiz@diputados.gob.mx ,PRI,Licenciatura,61.0,12.0,6.0,1.0,10.0,0.0,77,13,0.0,0.0,0.0,0.0
260527159950468648789686740579916488727,José Mario Osuna Medina,Sinaloa ,mario.osuna@diputados.gob.mx ,PRI,Licenciatura,5.0,0.0,3.0,1.0,12.0,1.0,25,2,5.0,0.0,0.0,0.0
124349525967478237489795981534867195727,Lucio Ernesto Palacios Cordero,Ciudad de México ,ernesto.palacios@diputados.gob.mx ,Morena,Licenciatura,2.0,0.0,1.0,0.0,27.0,14.0,62,18,32.0,4.0,0.0,0.0
152059957879608625397118546436372784806,Carmen Patricia Palma Olvera,Quintana Roo ,carmen.palma@diputados.gob.mx ,Morena,Sin estudios registrados,1.0,0.0,6.0,3.0,27.0,14.0,50,18,16.0,1.0,0.0,0.0
53437649430512507210555459315787019285,Mónica Janette Palomarez Ching,Baja California , ,PAN,Sin estudios registrados,0.0,0.0,0.0,0.0,0.0,0.0,0,0,0.0,0.0,0.0,0.0
280278558682304434266161245401436332438,Alejandra Pani Barragán,Morelos ,alejandra.pani@diputados.gob.mx ,Morena,Maestría,4.0,2.0,1.0,0.0,27.0,14.0,41,20,9.0,4.0,0.0,0.0
184715120122152632897580393277164549972,Inés Parra Juárez,Puebla ,ines.parra@diputados.gob.mx ,Morena,Licenciatura,1.0,0.0,0.0,0.0,27.0,14.0,28,14,0.0,0.0,0.0,0.0
236034315379197704226288553197762162347,Claudia Pastor Badilla,Ciudad de México ,claudia.pastor@diputados.gob.mx ,PRI,Maestría,49.0,7.0,3.0,0.0,13.0,0.0,115,8,50.0,1.0,0.0,0.0
38084607636221318301799936054140872006,Cecilia Anunciación Patrón Laviada,Yucatán ,cecilia.patron@diputados.gob.mx ,PAN,Licenciatura,132.0,18.0,13.0,2.0,33.0,4.0,197,27,19.0,3.0,0.0,0.0
76787127975119718487018360704448744147,Carlos Pavón Campos,Zacatecas ,carlos.pavon@diputados.gob.mx ,PRI,Secundaria,39.0,7.0,1.0,0.0,8.0,0.0,52,7,4.0,0.0,0.0,0.0
1912055037119139005851467285378267177,Ana Patricia Peralta De La Peña,Quintana Roo ,ana.peralta@diputados.gob.mx ,Morena,Licenciatura,19.0,1.0,133.0,35.0,27.0,14.0,189,50,10.0,0.0,0.0,0.0
84138197488746882975987214296919647017,Adela Piña Bernal (LICENCIA),Ciudad de México ,adela.pina@diputados.gob.mx ,Morena,Licenciatura,5.0,1.0,3.0,2.0,27.0,14.0,44,18,9.0,1.0,0.0,0.0
275746486586103452865668813023845522858,Alejandro Ponce Cobos,Oaxaca ,alejandro.ponce@diputados.gob.mx ,Morena,Sin estudios registrados,7.0,2.0,0.0,0.0,27.0,14.0,42,18,8.0,2.0,0.0,0.0
310071798930593193434566714408864265138,María Geraldine Ponce Méndez,Nayarit ,maria.ponce@diputados.gob.mx ,Morena,Licenciatura,2.0,0.0,0.0,0.0,27.0,14.0,33,14,4.0,0.0,0.0,0.0
50090228398769592673336017344062785085,Jesús de los Ángeles Pool Moo,Quintana Roo ,jesus.pool@diputados.gob.mx ,Sin Partido,Licenciatura,3.0,0.0,1.0,0.0,20.0,11.0,26,11,2.0,0.0,0.0,0.0
243099721547574705886521447693622198321,Alfredo Porras Domínguez,Baja California Sur ,alfredo.porras@diputados.gob.mx ,PT,Licenciatura,16.0,2.0,3.0,0.0,21.0,2.0,41,4,1.0,0.0,0.0,0.0
29165442520168690946035977614944026253,Rocío Carolina Pozos Ponce,Morelos , ,Morena,Sin estudios registrados,1.0,0.0,0.0,0.0,0.0,0.0,1,0,0.0,0.0,0.0,0.0
128786875809337235328901145511799435854,Miguel Prado de los Santos,Chiapas ,miguel.prado@diputados.gob.mx ,Morena,Licenciatura,0.0,0.0,0.0,0.0,27.0,14.0,28,14,1.0,0.0,0.0,0.0
325374695410828949176378587373174769596,Jorge Luis Preciado Rodríguez,Colima ,jorge.preciado@diputados.gob.mx ,PAN,Maestría,82.0,14.0,14.0,3.0,33.0,4.0,141,21,12.0,0.0,0.0,0.0
142531284613405025559056107840346371149,Carmen Julia Prudencio González,Jalisco ,carmen.prudencio@diputados.gob.mx ,MC,Licenciatura,26.0,8.0,12.0,2.0,34.0,3.0,86,16,14.0,3.0,0.0,0.0
321963913750160939668430767332686232308,Ximena Puente De La Mora,Colima ,ximena.puente@diputados.gob.mx ,PRI,Doctorado,52.0,9.0,6.0,3.0,10.0,0.0,108,20,40.0,8.0,0.0,0.0
166255435520202204029386539224610102188,Carlos Alberto Puente Salas,Zacatecas ,carlos.puente@diputados.gob.mx ,Partido Verde,Licenciatura,7.0,2.0,123.0,31.0,30.0,3.0,161,36,1.0,0.0,0.0,0.0
106946185942096416773677668893758443317,Jaime Humberto Pérez Bernabe,Veracruz ,jaime.perez@diputados.gob.mx ,Morena,Licenciatura,26.0,4.0,3.0,1.0,27.0,14.0,59,20,3.0,1.0,0.0,0.0
57504534901266161660123869300516088823,José Ángel Pérez Hernández,Coahuila ,joseangel.perez@diputados.gob.mx ,PT,Licenciatura,14.0,2.0,3.0,1.0,15.0,2.0,47,5,15.0,0.0,0.0,0.0
141232335361876043031746791997477098620,Sergio Pérez Hernández,México ,sergio.perez@diputados.gob.mx ,Morena,Bachillerato,3.0,1.0,2.0,0.0,27.0,14.0,35,15,3.0,0.0,0.0,0.0
300573911507421294510817331462014053095,Beatriz Dominga Pérez López,Oaxaca ,beatriz.perez@diputados.gob.mx ,Morena,Licenciatura,7.0,1.0,4.0,1.0,27.0,14.0,46,18,8.0,2.0,0.0,0.0
237890529043432471110976790031363190527,Miriam Citlally Pérez Mackintosh,Nayarit ,miriam.perez@diputados.gob.mx ,Morena,Bachillerato,1.0,0.0,0.0,0.0,27.0,14.0,28,14,0.0,0.0,0.0,0.0
136582488773950368238418544918990309138,Soraya Pérez Munguía,Tabasco ,soraya.perez@diputados.gob.mx ,PRI,Maestría,36.0,4.0,6.0,1.0,9.0,0.0,80,13,29.0,8.0,0.0,0.0
57817391396512415995546694930449686198,Evaristo Lenin Pérez Rivera,Coahuila ,evaristo.perez@diputados.gob.mx ,Morena,Maestría,115.0,12.0,2.0,1.0,32.0,4.0,181,19,32.0,2.0,0.0,0.0
295564774165263870362958896215659261836,Claudia Pérez Rodríguez,Tlaxcala ,claudia.perez@diputados.gob.mx ,PAN,Maestría,5.0,0.0,0.0,0.0,16.0,5.0,30,9,9.0,4.0,0.0,0.0
279447394281678486560582869934308662272,Laura Imelda Pérez Segura,Jalisco ,imelda.perez@diputados.gob.mx ,Morena,Licenciatura,1.0,0.0,2.0,0.0,27.0,14.0,46,14,16.0,0.0,0.0,0.0
13548628375466008032825233677097259596,Iván Arturo Pérez Negrón Ruiz,Michoacán ,ivan.pereznegron@diputados.gob.mx ,Morena,Doctorado,15.0,2.0,1.0,0.0,21.0,4.0,53,11,16.0,5.0,0.0,0.0
89935967072210860302887520482402859069,María Del Carmen Quiroz Rodríguez,San Luis Potosí ,carmen.quiroz@diputados.gob.mx ,Morena,Maestría,0.0,0.0,0.0,0.0,11.0,3.0,13,4,2.0,1.0,0.0,0.0
96559293420185134928562309544525207795,Roque Luis Rabelo Velasco,Chiapas ,roque.rabelo@diputados.gob.mx ,Morena,Bachillerato,2.0,0.0,5.0,2.0,27.0,14.0,37,18,3.0,2.0,0.0,0.0
166676675430283708569199045175698066083,Verónica Ramos Cruz,Jalisco ,veronica.ramos@diputados.gob.mx ,Morena,Sin estudios registrados,1.0,0.0,1.0,0.0,27.0,14.0,34,14,5.0,0.0,0.0,0.0
213448824677798639772288067075300295819,Juan Israel Ramos Ruiz,Guanajuato ,juan.ramos@diputados.gob.mx ,Morena,Secundaria,4.0,0.0,0.0,0.0,27.0,14.0,36,14,5.0,0.0,0.0,0.0
202432109957507959191829695318420109758,Guadalupe Ramos Sotelo,Ciudad de México ,guadalupe.ramos@diputados.gob.mx ,Morena,Bachillerato,16.0,3.0,6.0,2.0,27.0,14.0,50,19,1.0,0.0,0.0,0.0
127002802308026326106915293090508743067,Mario Alberto Ramos Tamez,Tamaulipas ,mario.ramos@diputados.gob.mx ,PAN,Maestría,31.0,7.0,4.0,0.0,31.0,3.0,75,12,9.0,2.0,0.0,0.0
113616679172910894019868332458277490476,Éctor Jaime Ramírez Barba,Guanajuato ,ramirezbarba@diputados.gob.mx ,PAN,Doctorado,101.0,13.0,11.0,2.0,40.0,4.0,177,23,25.0,4.0,0.0,0.0
323744329459423655049922863827473516067,Alfonso Ramírez Cuellar,Ciudad de México ,alfonso.ramirez@diputados.gob.mx ,Morena,Sin estudios registrados,1.0,0.0,0.0,0.0,16.0,11.0,21,12,4.0,1.0,0.0,0.0
108442316213611466863347038087336238717,Martha Patricia Ramírez Lucero,Baja California ,martha.ramirez@diputados.gob.mx ,Morena,Licenciatura,6.0,1.0,1.0,0.0,27.0,14.0,79,24,45.0,9.0,0.0,0.0
333555271604148731534458533484587437828,Francisco Javier Ramírez Navarrete,México ,javier.ramirez@diputados.gob.mx ,Morena,Licenciatura,3.0,0.0,0.0,0.0,27.0,14.0,37,16,7.0,2.0,0.0,0.0
24611591997363467362874847535568751960,Jesús Wenceslao Rangel de la O,México ,jesus.rangel@diputados.gob.mx ,PRI,Sin estudios registrados,0.0,0.0,0.0,0.0,0.0,0.0,0,0,0.0,0.0,0.0,0.0
316102279460725538719789316433787080954,Carmina Yadira Regalado Mardueño,Nayarit ,carmina.regalado@diputados.gob.mx ,Morena,Licenciatura,3.0,0.0,1.0,0.0,27.0,14.0,44,17,13.0,3.0,0.0,0.0
5732462210147975771921465295085674771,Nancy Claudia Reséndiz Hernández,México ,nancy.resendiz@diputados.gob.mx ,Sin Partido,Maestría,13.0,2.0,3.0,0.0,10.0,1.0,36,5,10.0,2.0,0.0,0.0
242150913933728784799087491799813421159,Emmanuel Reyes Carmona,Guanajuato ,emmanuel.reyes@diputados.gob.mx ,Morena,Sin estudios registrados,12.0,0.0,5.0,1.0,33.0,4.0,93,9,43.0,4.0,0.0,0.0
3825782662610976274020083411503756679,Marco Antonio Reyes Colín,México ,marco.reyes@diputados.gob.mx ,Morena,Licenciatura,11.0,3.0,0.0,0.0,27.0,14.0,46,17,8.0,0.0,0.0,0.0
289123540854028087643804525634245710485,Armando Reyes Ledesma,Baja California ,armando.reyes@diputados.gob.mx ,PT,Bachillerato,8.0,2.0,1.0,0.0,21.0,2.0,38,5,8.0,1.0,0.0,0.0
76931053577110793750710939232194851857,Valentín Reyes López,Veracruz ,valentin.reyes@diputados.gob.mx ,Morena,Sin estudios registrados,4.0,1.0,3.0,1.0,27.0,14.0,39,16,5.0,0.0,0.0,0.0
306421665710250773649884653648962675769,Idalia Reyes Miguel,Guerrero ,idalia.reyes@diputados.gob.mx ,Morena,Maestría,9.0,0.0,1.0,1.0,27.0,14.0,47,17,10.0,2.0,0.0,0.0
232550971561127615472957443091028428951,Claudia Reyes Montiel,México ,claudia.reyes@diputados.gob.mx ,Sin Partido,Maestría,6.0,1.0,5.0,0.0,107.0,10.0,136,13,18.0,2.0,0.0,0.0
21934788584512593503172853444428049985,Miguel Alonso Riggs Baeza,Chihuahua ,miguel.riggs@diputados.gob.mx ,MC,Maestría,128.0,17.0,7.0,3.0,33.0,4.0,180,25,12.0,1.0,0.0,0.0
213624937630670403304789958261556829072,Ana Lucia Riojas Martínez,Ciudad de México ,lucia.riojas@diputados.gob.mx ,Sin Partido,Licenciatura,6.0,1.0,12.0,5.0,0.0,0.0,25,7,7.0,1.0,0.0,0.0
324386810939237019449755794670679134534,Fortunato Rivera Castillo,Hidalgo ,fortunato.rivera@diputados.gob.mx ,Morena,Licenciatura,7.0,1.0,3.0,2.0,27.0,14.0,40,17,3.0,0.0,0.0,0.0
77839295056201064260825532175226479215,Marcelino Rivera Hernández,San Luis Potosí ,marcelino.rivera@diputados.gob.mx ,PAN,Licenciatura,117.0,14.0,11.0,1.0,33.0,4.0,165,20,4.0,1.0,0.0,0.0
260445057523467383600102941159394964563,Cruz Juvenal Roa Sánchez,México ,cruz.roa@diputados.gob.mx ,PRI,Doctorado,48.0,12.0,2.0,0.0,8.0,0.0,61,12,3.0,0.0,0.0,0.0
99923780553455046068904061327152599320,Maricruz Roblero Gordillo,Chiapas ,maricruz.roblero@diputados.gob.mx ,PT,Licenciatura,7.0,2.0,1.0,0.0,21.0,2.0,36,4,7.0,0.0,0.0,0.0
87798435068098890238322979439987014854,Beatriz Silvia Robles Gutiérrez,Querétaro ,beatriz.robles@diputados.gob.mx ,Morena,Maestría,45.0,4.0,1.0,0.0,27.0,14.0,80,18,7.0,0.0,0.0,0.0
49180505176325508951334142732785415481,Benjamín Robles Montoya,Oaxaca ,benjamin.robles@diputados.gob.mx ,PT,Maestría,5.0,2.0,1.0,0.0,20.0,2.0,82,6,56.0,2.0,0.0,0.0
256465204241184405764492482951614338970,Martha Robles Ortiz,México ,martha.robles@diputados.gob.mx ,Morena,Sin estudios registrados,57.0,14.0,3.0,2.0,27.0,14.0,88,30,1.0,0.0,0.0,0.0
134173762845156594248293039255316622736,Sonia Rocha Acosta,Querétaro ,sonia.rocha@diputados.gob.mx ,PAN,Maestría,102.0,13.0,15.0,1.0,34.0,4.0,156,18,5.0,0.0,0.0,0.0
204104061194517070147858391720429218043,Ma. Sara Rocha Medina,San Luis Potosí ,sara.rocha@diputados.gob.mx ,PRI,Licenciatura,35.0,5.0,6.0,2.0,10.0,0.0,80,10,29.0,3.0,0.0,0.0
62660038472695218966514944981850876229,Efraín Rocha Vega,Chihuahua ,efrain.rocha@diputados.gob.mx ,Morena,Licenciatura,4.0,1.0,3.0,2.0,27.0,14.0,36,17,2.0,0.0,0.0,0.0
53529847377847867031481329547737509266,Ediltrudis Rodríguez Arellano,Tabasco ,ediltrudis.rodriguez@diputados.gob.mx ,Morena,Licenciatura,6.0,0.0,4.0,2.0,27.0,14.0,42,17,5.0,1.0,0.0,0.0
27760741193265290793168032191701037984,Mario Alberto Rodríguez Carrillo,Jalisco ,mario.rodriguez@diputados.gob.mx ,MC,Doctorado,16.0,1.0,4.0,1.0,35.0,3.0,74,7,19.0,2.0,0.0,0.0
42212202851646124170742680796762131231,Manuel Rodríguez González,Tabasco ,manuel.rodriguez@diputados.gob.mx ,Morena,Maestría,3.0,0.0,1.0,0.0,27.0,14.0,42,19,11.0,5.0,0.0,0.0
166855851876162393230106971782849567432,Eraclio Rodríguez Gómez,Chihuahua ,eraclio.rodriguez@diputados.gob.mx ,PT,Sin estudios registrados,0.0,0.0,1.0,0.0,22.0,12.0,29,12,6.0,0.0,0.0,0.0
206933734424961582944694565079078598310,Mariana Rodríguez Mier Y Terán,Tamaulipas ,mariana.rodriguez@diputados.gob.mx ,PRI,Maestría,58.0,12.0,6.0,2.0,13.0,0.0,124,17,47.0,3.0,0.0,0.0
202480623147683121902450592384709042058,Ana María Rodríguez Ruiz,Ciudad de México ,ana.rodriguez@diputados.gob.mx ,Morena,Licenciatura,19.0,3.0,1.0,0.0,27.0,14.0,55,17,8.0,0.0,0.0,0.0
1448425594264571392338652505796333664,Ariel Rodríguez Vázquez,Guanajuato ,ariel.rodriguez@diputados.gob.mx ,MC,Doctorado,39.0,7.0,4.0,1.0,35.0,3.0,83,11,5.0,0.0,0.0,0.0
235992350999409062198513082649287327565,Norma Azucena Rodríguez Zamora,Veracruz ,azucena.rodriguez@diputados.gob.mx ,Sin Partido,Sin estudios registrados,11.0,1.0,5.0,0.0,107.0,10.0,143,11,20.0,0.0,0.0,0.0
272439280682840534360809352811339999473,Laura Angélica Rojas Hernández,México ,laura.rojas@diputados.gob.mx ,PAN,Maestría,42.0,6.0,20.0,7.0,31.0,4.0,111,19,18.0,2.0,0.0,0.0
184534870860030999901708941721427652800,Beatriz Rojas Martínez,Ciudad de México ,beatriz.rojas@diputados.gob.mx ,Morena,Licenciatura,8.0,1.0,9.0,5.0,27.0,14.0,52,21,8.0,1.0,0.0,0.0
170096564648456970649307207380944764069,Ana Karina Rojo Pimentel,Ciudad de México ,ana.rojo@diputados.gob.mx ,PT,Licenciatura,23.0,3.0,3.0,1.0,21.0,2.0,52,6,5.0,0.0,0.0,0.0
148502291812879717487929075153518782746,Jorge Romero Herrera,Ciudad de México ,jromero.herrera@diputados.gob.mx ,PAN,Licenciatura,103.0,15.0,3.0,0.0,31.0,4.0,144,19,7.0,0.0,0.0,0.0
54422032921058606128148448221641064636,Juan Carlos Romero Hicks,Guanajuato ,romero.hicks@diputados.gob.mx ,PAN,Maestría,99.0,14.0,34.0,18.0,40.0,4.0,178,39,5.0,3.0,0.0,0.0
132923588058489009359428878339903666785,Gloria Romero León,Hidalgo ,gloria.romero@diputados.gob.mx ,PAN,Maestría,112.0,16.0,12.0,1.0,34.0,4.0,174,23,16.0,2.0,0.0,0.0
25308676917669170496933452841088202903,Martha Estela Romo Cuéllar,Jalisco ,estela.romo@diputados.gob.mx ,PAN,Maestría,127.0,13.0,15.0,3.0,34.0,4.0,198,23,22.0,3.0,0.0,0.0
193607386790974578742735540571057597849,Guadalupe Romo Romo,Jalisco ,guadalupe.romo@diputados.gob.mx ,PAN,Secundaria,106.0,15.0,13.0,3.0,33.0,4.0,154,23,2.0,1.0,0.0,0.0
53195535643409971447915181521056873492,María Guadalupe Román Ávila,México ,guadalupe.roman@diputados.gob.mx ,Morena,Bachillerato,29.0,3.0,1.0,0.0,27.0,14.0,68,18,11.0,1.0,0.0,0.0
245793371767078742811958126689879841533,Luz Estefanía Rosas Martínez,Ciudad de México ,luz.rosas@diputados.gob.mx ,Morena,Licenciatura,1.0,0.0,1.0,0.0,33.0,4.0,40,4,5.0,0.0,0.0,0.0
117993281481224748430936010472126806766,José Salvador Rosas Quintanilla,Tamaulipas ,jose.rosas@diputados.gob.mx ,PAN,Licenciatura,112.0,15.0,4.0,1.0,31.0,4.0,219,28,72.0,8.0,0.0,0.0
60241772750505294440318308727079679595,Erika Mariana Rosas Uribe,Sinaloa ,erika.rosas@diputados.gob.mx ,Morena,Licenciatura,33.0,4.0,124.0,31.0,27.0,14.0,193,50,9.0,1.0,0.0,0.0
87121171022425792564634211029329691991,María Rosete ,Ciudad de México ,maria.rosete@diputados.gob.mx ,PT,Licenciatura,22.0,3.0,2.0,1.0,15.0,2.0,58,7,19.0,1.0,0.0,0.0
5074495163637755791467930515319971047,Roberto Antonio Rubio Montejo,Chiapas ,roberto.rubio@diputados.gob.mx ,Partido Verde,Licenciatura,1.0,1.0,80.0,20.0,19.0,1.0,101,22,1.0,0.0,0.0,0.0
327164336323873286980977640710440493950,Ernesto Guillermo Ruffo Appel,Baja California ,ernesto.ruffo@diputados.gob.mx ,PAN,Licenciatura,88.0,9.0,4.0,0.0,31.0,3.0,128,12,5.0,0.0,0.0,0.0
155302309825479604777470554867052056619,Hugo Rafael Ruiz Lustre,Hidalgo ,hugo.ruiz@diputados.gob.mx ,Morena,Licenciatura,1.0,0.0,1.0,0.0,27.0,14.0,40,16,11.0,2.0,0.0,0.0
331558522076511442802499540280240360847,Jorge Eugenio Russo Salido,Sonora ,jorge.russo@diputados.gob.mx ,MC,Licenciatura,20.0,4.0,6.0,2.0,31.0,3.0,60,9,3.0,0.0,0.0,0.0
79499123318192653908403056354429030954,Eulalio Juan Ríos Fararoni,Veracruz ,eulaliojuan.rios@diputados.gob.mx ,Morena,Licenciatura,6.0,0.0,1.0,0.0,27.0,14.0,41,17,7.0,3.0,0.0,0.0
250276765666629629525067985014246457246,Josefina Salazar Báez,San Luis Potosí ,josefina.salazar@diputados.gob.mx ,PAN,Licenciatura,104.0,14.0,11.0,1.0,42.0,4.0,174,22,17.0,3.0,0.0,0.0
762732158847376340908571771475690336,Luis Fernando Salazar Fernández,Coahuila ,luis.salazar@diputados.gob.mx ,Morena,Maestría,36.0,4.0,1.0,0.0,23.0,8.0,65,13,5.0,1.0,0.0,0.0
256525866392150648632979240052079063278,María Lucero Saldaña Pérez,Puebla ,lucero.saldana@diputados.gob.mx ,PRI,Doctorado,53.0,15.0,7.0,0.0,9.0,0.0,86,18,17.0,3.0,0.0,0.0
89905379093966383937727052666110777548,Francisco Javier Saldivar Camacho,Ciudad de México ,francisco.saldivar@diputados.gob.mx ,Sin Partido,Bachillerato,15.0,0.0,1.0,0.0,10.0,1.0,37,2,11.0,1.0,0.0,0.0
128968724089419298320759195055627849926,Javier Salinas Narváez,México ,javier.salinas@diputados.gob.mx ,Morena,Doctorado,3.0,1.0,3.0,0.0,33.0,4.0,46,5,7.0,0.0,0.0,0.0
319175388166628640100095401591570605753,Ruth Salinas Reyes,México ,ruth.salinas@diputados.gob.mx ,MC,Sin estudios registrados,20.0,2.0,5.0,0.0,33.0,4.0,99,12,41.0,6.0,0.0,0.0
244129114884671815254211342667388908293,Hernán Salinas Wolberg,Nuevo León ,hernan.salinas@diputados.gob.mx ,PAN,Sin estudios registrados,108.0,16.0,10.0,1.0,32.0,3.0,154,21,4.0,1.0,0.0,0.0
300207844018117548926886738748322542942,Nayeli Salvatori Bojalil,Puebla ,nayeli.salvatori@diputados.gob.mx ,Morena,Licenciatura,10.0,0.0,5.0,3.0,10.0,1.0,59,9,34.0,5.0,0.0,0.0
51949958470978404319078565442408295207,Reginaldo Sandoval Flores,Michoacán ,reginaldo.sandoval@diputados.gob.mx ,PT,Licenciatura,8.0,2.0,23.0,19.0,21.0,2.0,78,29,26.0,6.0,0.0,0.0
298846356938419109322787611725323080227,María Liduvina Sandoval Mendoza,Colima ,liduvina.sandoval@diputados.gob.mx ,PAN,Maestría,100.0,13.0,17.0,5.0,33.0,4.0,152,22,2.0,0.0,0.0,0.0
168709143793636722066465463835325710338,Lucinda Sandoval Soberanes,Sinaloa ,lucinda.sandoval@diputados.gob.mx ,Morena,Sin estudios registrados,15.0,6.0,2.0,0.0,27.0,14.0,48,21,4.0,1.0,0.0,0.0
45783386150972571886756609959210587813,Azael Santiago Chepi,Oaxaca ,azael.santiago@diputados.gob.mx ,Morena,Maestría,6.0,1.0,1.0,0.0,27.0,14.0,50,22,16.0,7.0,0.0,0.0
2116595175881300418148349379547933032,Iran Santiago Manuel,Oaxaca ,iran.santiago@diputados.gob.mx ,Morena,Maestría,7.0,1.0,0.0,0.0,27.0,14.0,47,20,13.0,5.0,0.0,0.0
135070567325610254702639816679069323079,Nancy Yadira Santiago Marcos,Sinaloa ,yadira.marcos@diputados.gob.mx ,Morena,Licenciatura,26.0,6.0,1.0,0.0,27.0,14.0,56,20,2.0,0.0,0.0,0.0
137807146457912992662430733265889214263,Edelmiro Santiago Santos Díaz,Nuevo León ,edelmiro.santos@diputados.gob.mx ,Morena,Posgrado,12.0,2.0,0.0,0.0,27.0,14.0,83,22,44.0,6.0,0.0,0.0
107361496868823375205162917519585675898,Dulce María Sauri Riancho,Yucatán ,dulce.sauri@diputados.gob.mx ,PRI,Doctorado,20.0,3.0,14.0,6.0,13.0,0.0,104,17,57.0,8.0,0.0,0.0
304907586384216343516129553161678851557,Rafael Alejandro Serna Vega,Nuevo León ,rafael.serna@diputados.gob.mx ,PAN,Licenciatura,0.0,0.0,0.0,0.0,0.0,0.0,0,0,0.0,0.0,0.0,0.0
42021478732884350490134488996427075049,Héctor Serrano Cortes,Ciudad de México ,hector.serrano@diputados.gob.mx ,PT,Maestría,3.0,1.0,32.0,7.0,28.0,2.0,64,10,1.0,0.0,0.0,0.0
175916420912730052586662310394009617541,Jorge Ángel Sibaja Mendoza,Chiapas ,jorge.sibaja@diputados.gob.mx ,Morena,Sin estudios registrados,1.0,1.0,1.0,0.0,19.0,7.0,22,9,1.0,1.0,0.0,0.0
165405059002914232161771186989417147048,Sergio Armando Sisbeles Alvarado,Coahuila ,sergio.sisbeles@diputados.gob.mx ,PRI,Maestría,0.0,0.0,0.0,0.0,0.0,0.0,4,0,4.0,0.0,0.0,0.0
85064216906425028935444849978061019115,Verónica María Sobrado Rodríguez,Puebla ,veronica.sobrado@diputados.gob.mx ,PAN,Maestría,120.0,17.0,27.0,10.0,41.0,4.0,206,31,18.0,0.0,0.0,0.0
223785100527497531209500513560136294710,María Marivel Solís Barrera,Hidalgo ,maria.solis@diputados.gob.mx ,Morena,Licenciatura,60.0,6.0,1.0,0.0,27.0,14.0,106,23,18.0,3.0,0.0,0.0
238192252055310918723394873607104890808,Olga Patricia Sosa Ruíz,Tamaulipas ,olga.sosa@diputados.gob.mx ,Sin Partido,Maestría,17.0,2.0,9.0,6.0,9.0,1.0,118,29,83.0,20.0,0.0,0.0
312768419179759095100601013587850134014,José de la Luz Sosa Salinas,Tlaxcala ,jose.sosa@diputados.gob.mx ,PT,Bachillerato,6.0,1.0,2.0,0.0,22.0,3.0,32,4,2.0,0.0,0.0,0.0
301452972587601497072865935043611190887,Carlos Sánchez Barrios,Guerrero ,carlos.sanchezb@diputados.gob.mx ,Morena,Maestría,1.0,0.0,0.0,0.0,27.0,14.0,34,15,6.0,1.0,0.0,0.0
327092767733515174258351403315644884249,Anita Sánchez Castro,Michoacán ,anita.sanchez@diputados.gob.mx ,Morena,Licenciatura,7.0,1.0,2.0,1.0,27.0,14.0,49,20,13.0,4.0,0.0,0.0
209573489879144246433802173820899509251,Miroslava Sánchez Galván,Coahuila ,miroslava.sanchez@diputados.gob.mx ,Morena,Licenciatura,2.0,0.0,1.0,0.0,27.0,14.0,43,17,13.0,3.0,0.0,0.0
52908475106192949308641921236537458064,Irma Sánchez Manzo,Jalisco ,irma.manzo@diputados.gob.mx ,MC,Sin estudios registrados,0.0,0.0,1.0,0.0,4.0,0.0,7,0,2.0,0.0,0.0,0.0
164107095338290567927423530456654253998,Lourdes Erika Sánchez Martínez,Sinaloa ,erika.sanchez@diputados.gob.mx ,PRI,Maestría,46.0,7.0,7.0,2.0,10.0,0.0,85,11,22.0,2.0,0.0,0.0
144695562985727531528646304188163131036,Graciela Sánchez Ortiz,México ,graciela.sanchez@diputados.gob.mx ,Morena,Licenciatura,22.0,4.0,1.0,0.0,27.0,14.0,61,19,11.0,1.0,0.0,0.0
153641276519218486581507793296495190201,Juan Pablo Sánchez Rodríguez,México ,pablo.sanchez@diputados.gob.mx ,Morena,Doctorado,1.0,0.0,0.0,0.0,27.0,14.0,30,15,2.0,1.0,0.0,0.0
274054019149745012516057118235974983053,Mario Manuel Sánchez Villafuerte,México ,mario.sanchez@diputados.gob.mx ,PAN,Licenciatura,0.0,0.0,0.0,0.0,0.0,0.0,1,0,1.0,0.0,0.0,0.0
63582301082519215184355688377004327770,Raúl Ernesto Sánchez Barrales Zavalza,México ,raul.sanchezbarrales@diputados.gob.mx ,PT,Posgrado,2.0,0.0,1.0,0.0,22.0,12.0,26,12,1.0,0.0,0.0,0.0
69101009837055384004543619462133872243,Martha Tagle Martínez,Ciudad de México ,martha.tagle@diputados.gob.mx ,MC,Licenciatura,15.0,4.0,32.0,6.0,35.0,3.0,126,20,44.0,7.0,0.0,0.0
180074165809115088012818481927979419075,Adriana Paulina Teissier Zavala,Quintana Roo ,adriana.teissier@diputados.gob.mx ,Sin Partido,Sin estudios registrados,6.0,1.0,2.0,0.0,9.0,1.0,25,2,8.0,0.0,0.0,0.0
28799361504569972032451100054898807686,Armando Tejeda Cid,Michoacán ,armando.tejeda@diputados.gob.mx ,PAN,Maestría,89.0,14.0,4.0,1.0,33.0,4.0,127,19,1.0,0.0,0.0,0.0
219046019730742661344731069685085785832,Jannet Tellez Infante,Hidalgo ,jannet.tellez@diputados.gob.mx ,Morena,Licenciatura,62.0,7.0,11.0,1.0,27.0,14.0,105,22,5.0,0.0,0.0,0.0
199753261952638940226999927920180329944,Claudia Tello Espinosa,Veracruz ,claudia.tello@diputados.gob.mx ,Morena,Doctorado,11.0,0.0,3.0,2.0,27.0,14.0,49,18,8.0,2.0,0.0,0.0
206718959983924275469062551177114764814,Paola Tenorio Adame,Veracruz ,paola.tenorio@diputados.gob.mx ,Morena,Sin estudios registrados,6.0,0.0,0.0,0.0,27.0,14.0,33,14,0.0,0.0,0.0,0.0
159928375202423695560081267993100353813,Patricia Terrazas Baca,Chihuahua ,patricia.terrazas@diputados.gob.mx ,PAN,Maestría,131.0,16.0,11.0,2.0,36.0,4.0,182,26,4.0,4.0,0.0,0.0
56980209584071619319675108343342843622,Irma María Terán Villalobos,Sonora ,irma.teran@diputados.gob.mx ,Sin Partido,Licenciatura,51.0,10.0,0.0,0.0,6.0,0.0,69,11,12.0,1.0,0.0,0.0
190403715831160892551227749242805651718,Rubén Terán Águila (LICENCIA),Tlaxcala ,ruben.teran@diputados.gob.mx ,Morena,Licenciatura,2.0,0.0,0.0,0.0,27.0,14.0,46,14,17.0,0.0,0.0,0.0
54421864541285275299077086997834925288,Mauricio Alonso Toledo Gutiérrez,Ciudad de México ,mauricio.toledo@diputados.gob.mx ,PT,Sin estudios registrados,5.0,2.0,20.0,6.0,28.0,2.0,56,11,3.0,1.0,0.0,0.0
332970699958337816949943294804852974355,Elba Lorena Torres Díaz,Aguascalientes ,elba.torres@diputados.gob.mx ,PT,Licenciatura,62.0,13.0,0.0,0.0,13.0,2.0,81,16,6.0,1.0,0.0,0.0
160165944130485871410180617419050389796,Fernando Torres Graciano,Guanajuato ,fernando.torres@diputados.gob.mx ,PAN,Maestría,90.0,12.0,14.0,2.0,33.0,3.0,149,17,12.0,0.0,0.0,0.0
280989729342817555014358825188955548130,María Marcela Torres Peimbert,Querétaro ,marcela.torres@diputados.gob.mx ,PAN,Maestría,100.0,13.0,6.0,2.0,32.0,3.0,166,25,28.0,7.0,0.0,0.0
15948740121721036645257987083666273580,Carlos Torres Piña,Michoacán ,ctorres.pina@diputados.gob.mx ,Morena,Licenciatura,6.0,0.0,4.0,2.0,33.0,4.0,51,6,8.0,0.0,0.0,0.0
159401092454376868227365519221141533255,Adolfo Torres Ramírez,Michoacán ,adolfo.torres@diputados.gob.mx ,PAN,Maestría,112.0,13.0,11.0,1.0,33.0,4.0,170,18,14.0,0.0,0.0,0.0
83559111663124672524069610979396391224,José Isabel Trejo Reyes,Zacatecas ,jose.trejo@diputados.gob.mx ,PAN,Licenciatura,99.0,13.0,3.0,0.0,31.0,4.0,133,17,0.0,0.0,0.0,0.0
308930956537325012269814839679068366473,Pedro Pablo Treviño Villarreal,Nuevo León ,pedro.trevino@diputados.gob.mx ,PRI,Maestría,27.0,5.0,1.0,0.0,9.0,0.0,41,7,4.0,2.0,0.0,0.0
43927300219486093283668593089834351922,Rosalba Valencia Cruz,Veracruz ,rosalba.valencia@diputados.gob.mx ,Morena,Licenciatura,23.0,4.0,1.0,0.0,27.0,14.0,55,18,4.0,0.0,0.0,0.0
128071142994101540871778976395606527159,Carlos Alberto Valenzuela González,Veracruz ,carlos.valenzuela@diputados.gob.mx ,PAN,Maestría,102.0,13.0,10.0,1.0,33.0,4.0,173,27,28.0,9.0,0.0,0.0
27897070531857961483375366438225141970,Lorenia Iveth Valles Sampedro,Sonora ,lorenia.valles@diputados.gob.mx ,Morena,Maestría,6.0,0.0,0.0,0.0,27.0,14.0,79,21,46.0,7.0,0.0,0.0
219838735398595588008899278759685106017,Víctor Gabriel Varela López,Ciudad de México ,victor.varela@diputados.gob.mx ,Morena,Sin estudios registrados,4.0,1.0,2.0,0.0,27.0,14.0,38,16,5.0,1.0,0.0,0.0
39058634388797522471226576223773650775,Ernesto Vargas Contreras,Nuevo León ,ernesto.vargas@diputados.gob.mx ,Sin Partido,Licenciatura,21.0,3.0,0.0,0.0,10.0,1.0,51,11,20.0,7.0,0.0,0.0
216969274404578572443381843238722846884,Luis Enrique Vargas Díaz,Jalisco ,luis.vargas@diputados.gob.mx ,MC,Sin estudios registrados,0.0,0.0,1.0,0.0,4.0,0.0,6,0,1.0,0.0,0.0,0.0
31498481924129953352356097738147220076,Lidia Nallely Vargas Hernández,San Luis Potosí ,lidia.vargas@diputados.gob.mx ,Morena,Bachillerato,27.0,4.0,2.0,0.0,27.0,14.0,64,19,8.0,1.0,0.0,0.0
166199259029101208998922982918291009474,Teresita de Jesús Vargas Meraz,Chihuahua ,teresita.vargas@diputados.gob.mx ,Morena,Licenciatura,0.0,0.0,0.0,0.0,27.0,14.0,35,14,8.0,0.0,0.0,0.0
258966939863441082505664814782657537095,Alfredo Vazquez Vazquez,Chiapas ,alfredo.vazquez@diputados.gob.mx ,Morena,Licenciatura,3.0,0.0,1.0,0.0,27.0,14.0,33,16,2.0,2.0,0.0,0.0
339505752289765011541069454312196864812,Marcela Guillermina Velasco González,México ,marcela.velasco@diputados.gob.mx ,PRI,Maestría,50.0,7.0,1.0,0.0,10.0,0.0,80,10,19.0,3.0,0.0,0.0
293738998918881172113615886903814451501,María Luisa Veloz Silva,San Luis Potosí ,maria.veloz@diputados.gob.mx ,Morena,Sin estudios registrados,9.0,2.0,0.0,0.0,27.0,14.0,38,16,2.0,0.0,0.0,0.0
1524594797034641355455201048141276109,Julieta Kristal Vences Valencia,Puebla ,julieta.vences@diputados.gob.mx ,Morena,Maestría,23.0,1.0,9.0,5.0,27.0,14.0,83,24,24.0,4.0,0.0,0.0
38630704908386356497679706763479905531,Vicente Javier Verastegui Ostos,Tamaulipas ,vicente.verastegui@diputados.gob.mx ,PAN,Licenciatura,79.0,10.0,3.0,0.0,30.0,3.0,112,13,0.0,0.0,0.0,0.0
313023247479952731280929898260276844020,Jesús Carlos Vidal Peniche,Yucatán ,jesus.vidal@diputados.gob.mx ,Partido Verde,Licenciatura,5.0,1.0,125.0,31.0,30.0,3.0,162,35,2.0,0.0,0.0,0.0
2324296819911326702537961588711939390,Alejandro Viedma Velázquez,México ,alejandro.viedma@diputados.gob.mx ,Morena,Licenciatura,11.0,1.0,1.0,0.0,27.0,14.0,59,18,20.0,3.0,0.0,0.0
75269204444934826480790039168448500063,Alberto Villa Villegas,Jalisco ,alberto.villa@diputados.gob.mx ,Morena,Licenciatura,4.0,0.0,0.0,0.0,27.0,14.0,36,14,5.0,0.0,0.0,0.0
192224096587661598944473828587231443758,Lilia Villafuerte Zavala,Guanajuato ,lilia.villafuerte@diputados.gob.mx ,Partido Verde,Maestría,76.0,10.0,66.0,11.0,24.0,1.0,168,22,2.0,0.0,0.0,0.0
276566986863399928284904579643870170605,Mirtha Iliana Villalvazo Amaya,Nayarit ,mirtha.villalvazo@diputados.gob.mx ,Morena,Licenciatura,12.0,1.0,0.0,0.0,27.0,14.0,62,15,23.0,0.0,0.0,0.0
206861831658485460419400676940108540320,Rocío del Pilar Villarauz Martínez,Ciudad de México ,rocio.villarauz@diputados.gob.mx ,Morena,Licenciatura,33.0,7.0,11.0,4.0,27.0,14.0,92,27,21.0,2.0,0.0,0.0
19021248648945576300852057014981392209,Ricardo Villarreal García,Guanajuato ,ricardo.villarreal@diputados.gob.mx ,PAN,Sin estudios registrados,88.0,12.0,4.0,1.0,35.0,3.0,138,18,11.0,2.0,0.0,0.0
100837389294098206819428787567747153975,Juan Carlos Villarreal Salazar,Jalisco ,jcarlos.villarreal@diputados.gob.mx ,Sin Partido,Maestría,23.0,4.0,2.0,0.0,31.0,3.0,76,9,20.0,2.0,0.0,0.0
260892698356424219451344752003802155322,Silvia Lorena Villavicencio Ayala,Ciudad de México ,lorena.villavicencio@diputados.gob.mx ,Morena,Sin estudios registrados,19.0,2.0,22.0,4.0,27.0,14.0,100,23,32.0,3.0,0.0,0.0
120502643546348031889538996825524034936,Alfredo Villegas Arreola,Sinaloa ,alfredo.villegas@diputados.gob.mx ,PRI,Licenciatura,24.0,3.0,3.0,1.0,8.0,0.0,37,5,2.0,1.0,0.0,0.0
331108571395697917676773033329513872620,Héctor Joel Villegas González,Tamaulipas ,hector.villegas@diputados.gob.mx ,Sin Partido,Licenciatura,15.0,1.0,1.0,0.0,10.0,1.0,36,3,10.0,1.0,0.0,0.0
89640554079798184593459823697887473879,Dulce María Corina Villegas Guarneros,Veracruz ,dulce.villegas@diputados.gob.mx ,Morena,Sin estudios registrados,8.0,2.0,1.0,0.0,27.0,14.0,42,16,6.0,0.0,0.0,0.0
49396876121533721653921306558440959668,Dionicia Vázquez García,México ,dionicia.vazquez@diputados.gob.mx ,PT,Secundaria,17.0,2.0,4.0,2.0,21.0,2.0,47,8,5.0,2.0,0.0,0.0
107415704286383097523021343356694691785,Héctor Yunes Landa,Veracruz ,hector.yunes@diputados.gob.mx ,PRI,Maestría,18.0,2.0,1.0,0.0,9.0,0.0,31,3,3.0,1.0,0.0,0.0
221110123247283364997927248645698103951,Claudia Valeria Yáñez Centeno y Cabrera,Colima ,claudia.yanezcenteno@diputados.gob.mx ,Morena,Sin estudios registrados,29.0,7.0,1.0,0.0,27.0,14.0,60,21,3.0,0.0,0.0,0.0
146184305166259539636440112658808209097,Casimiro Zamora Valdez,Sinaloa ,casimiro.zamora@diputados.gob.mx ,Morena,Licenciatura,15.0,2.0,3.0,0.0,27.0,14.0,49,16,4.0,0.0,0.0,0.0
196945503096515986598393565700536499242,Martha Angélica Zamudio Macias,Jalisco ,martha.zamudio@diputados.gob.mx ,MC,Bachillerato,18.0,3.0,7.0,0.0,35.0,3.0,77,9,17.0,3.0,0.0,0.0
136012118747114497112167327430119282081,Graciela Zavaleta Sánchez,Oaxaca ,graciela.zavaleta@diputados.gob.mx ,Morena,Primaria,7.0,3.0,1.0,0.0,27.0,14.0,48,19,13.0,2.0,0.0,0.0
123006909716702901138382799960023543698,Armando Javier Zertuche Zuani,Tamaulipas ,armando.zertuche@diputados.gob.mx ,PT,Doctorado,15.0,1.0,3.0,0.0,30.0,13.0,52,14,4.0,0.0,0.0,0.0
